<?xml version = '1.0' encoding = 'UTF-8'?>
<Entity class="oracle.dbtools.crest.model.design.logical.Entity" directorySegmentName="seg_0" id="2E17E053-B7F9-61F5-7EE4-7762B7062211" name="T_RHSTU_BAIRRO">
<createdBy>logonpflocal</createdBy>
<createdTime>2022-08-02 12:20:54 UTC</createdTime>
<generatorID>BADB545A-523E-2BF2-AD20-71BF84B20E45</generatorID>
<ownerDesignName>Projeto_RHSTU</ownerDesignName>
<engineerTo>
<item key="E7F19300-F139-548B-9286-C64BD95CAE2D" value="true"/>
</engineerTo>
<adequatelyNormalized>NO</adequatelyNormalized>
<expectedVolumes>0</expectedVolumes>
<fwdEngineeringStrategyName>Single Table</fwdEngineeringStrategyName>
<growthPercent>0</growthPercent>
<growthType>Year</growthType>
<maxVolumes>9999999</maxVolumes>
<minVolumes>0</minVolumes>
<normalForm>Third</normalForm>
<attributes itemClass="oracle.dbtools.crest.model.design.logical.Attribute">
<Attribute name="ID_BAIRRO" id="1ECB01D1-8E17-7B14-467D-D88496EA9B1D">
<createdBy>logonpflocal</createdBy>
<createdTime>2022-08-02 12:20:54 UTC</createdTime>
<comment><![CDATA[Esta coluna irá receber o codigo interno para garantir o cadastro dos  Bairros da Cidade do Estado do Brasil. Seu conteúdo é obrigatório e único será preenchido automaticamente pelo sistema.]]></comment>
<commentInRDBMS><![CDATA[Esta coluna irá receber o codigo interno para garantir o cadastro dos  Bairros da Cidade do Estado do Brasil. Seu conteúdo é obrigatório e único será preenchido automaticamente pelo sistema.]]></commentInRDBMS>
<ownerDesignName>Projeto_RHSTU</ownerDesignName>
<importedID>80B5229E-E8B0-A4DB-6771-0BAEF08168B9</importedID>
<engineerTo>
<item key="E7F19300-F139-548B-9286-C64BD95CAE2D" value="true"/>
</engineerTo>
<useDomainConstraints>false</useDomainConstraints>
<use>1</use>
<logicalDatatype>LOGDT019</logicalDatatype>
<dataTypePrecision>8</dataTypePrecision>
<ownDataTypeParameters>,8,</ownDataTypeParameters>
</Attribute>
<Attribute name="ID_CIDADE" id="5399781E-C2A3-BCDF-451E-1EFD251121BE">
<createdBy>logonpflocal</createdBy>
<createdTime>2022-08-02 12:20:54 UTC</createdTime>
<comment><![CDATA[Esta coluna irá receber o codigo da cidade e seu conteúdo é obrigatório e será preenchido automaticamente pelo sistema.]]></comment>
<commentInRDBMS><![CDATA[Esta coluna irá receber o codigo da cidade e seu conteúdo é obrigatório e será preenchido automaticamente pelo sistema.]]></commentInRDBMS>
<generatorID>C31FED11-1D9C-9238-DF35-C2367D31CAF5</generatorID>
<ownerDesignName>Projeto_RHSTU</ownerDesignName>
<importedID>B2C8E6DF-A925-2B44-87B6-77F83AA57312</importedID>
<engineerTo>
<item key="E7F19300-F139-548B-9286-C64BD95CAE2D" value="true"/>
</engineerTo>
<referedAttribute>61BDFDC6-6C67-88C6-EF74-7EE2BAF780A0</referedAttribute>
<useDomainConstraints>false</useDomainConstraints>
<use>1</use>
<logicalDatatype>LOGDT019</logicalDatatype>
<dataTypePrecision>8</dataTypePrecision>
<ownDataTypeParameters>,8,</ownDataTypeParameters>
</Attribute>
<Attribute name="NM_BAIRRO" id="4F97E991-74E6-E464-55EA-37A7930FFA85">
<createdBy>logonpflocal</createdBy>
<createdTime>2022-08-02 12:20:54 UTC</createdTime>
<comment><![CDATA[Esta coluna irá receber o nome do Bairro  pertencente Cidade do Estado Brasileiro. O padrão de armazenmento é  InitCap e seu conteúdo é obrigatório. Essa tabela já será preenchida pela área responsável. Novas inseções necessitam ser avaladas pelos gestores.]]></comment>
<commentInRDBMS><![CDATA[Esta coluna irá receber o nome do Bairro  pertencente Cidade do Estado Brasileiro. O padrão de armazenmento é  InitCap e seu conteúdo é obrigatório. Essa tabela já será preenchida pela área responsável. Novas inseções necessitam ser avaladas pelos gestores.]]></commentInRDBMS>
<ownerDesignName>Projeto_RHSTU</ownerDesignName>
<importedID>8C3DA33F-6AC0-D9BE-A94C-CFDD1CC0628A</importedID>
<engineerTo>
<item key="E7F19300-F139-548B-9286-C64BD95CAE2D" value="true"/>
</engineerTo>
<useDomainConstraints>false</useDomainConstraints>
<use>1</use>
<logicalDatatype>LOGDT024</logicalDatatype>
<dataTypeSize>45</dataTypeSize>
<ownDataTypeParameters>45,,</ownDataTypeParameters>
</Attribute>
<Attribute name="NM_ZONA_BAIRRO" id="AED56D9E-F500-3879-5B17-6C1B6C9AB61A">
<createdBy>logonpflocal</createdBy>
<createdTime>2022-08-02 12:20:54 UTC</createdTime>
<comment><![CDATA[Esta coluna irá receber a localização da zona onde se encontra o bairro. Alguns exemplos: Zona Norte, Zona Sul, Zona Leste, Zona Oeste, Centro.]]></comment>
<commentInRDBMS><![CDATA[Esta coluna irá receber a localização da zona onde se encontra o bairro. Alguns exemplos: Zona Norte, Zona Sul, Zona Leste, Zona Oeste, Centro.]]></commentInRDBMS>
<ownerDesignName>Projeto_RHSTU</ownerDesignName>
<importedID>C0FD91DB-4BC1-DF8E-EBE9-755FEA27F992</importedID>
<engineerTo>
<item key="E7F19300-F139-548B-9286-C64BD95CAE2D" value="true"/>
</engineerTo>
<constraintName>UK_T_PKD_BAIRRO_ZONA</constraintName>
<useDomainConstraints>false</useDomainConstraints>
<use>1</use>
<logicalDatatype>LOGDT024</logicalDatatype>
<dataTypeSize>20</dataTypeSize>
<listOfValues>
<valueDef value="CENTRO" description="Centro da Cidade"/>
<valueDef value="ZONA LESTE" description="Zona Leste da Cidade"/>
<valueDef value="ZONA NORTE" description="Zona Norte da Cidade"/>
<valueDef value="ZONA OESTE" description="Zona Oeste da Cidade"/>
<valueDef value="ZONA SUL" description="Zona Sul da Cidade"/>
</listOfValues>
<ownDataTypeParameters>20,,</ownDataTypeParameters>
</Attribute>
<Attribute name="DT_CADASTRO" id="3AA1061B-49F9-E23D-7E58-8A1A5DD11379">
<createdBy>logonrmlocal</createdBy>
<createdTime>2023-05-09 22:45:56 UTC</createdTime>
<comment><![CDATA[ESSE ATRIBUTO RECEBERÁ INFORMAÇÕES SOBRE A DATA DE CADASTRO DA TABELA, SENDO OBRIGATORIO]]></comment>
<commentInRDBMS><![CDATA[esse atributo receberá informações sobre a data de cadastro da tabela, sendo obrigatorio
]]></commentInRDBMS>
<ownerDesignName>Projeto_RHSTU</ownerDesignName>
<engineerTo>
<item key="E7F19300-F139-548B-9286-C64BD95CAE2D" value="true"/>
</engineerTo>
<useDomainConstraints>false</useDomainConstraints>
<use>1</use>
<logicalDatatype>LOGDT008</logicalDatatype>
<ownDataTypeParameters>,,</ownDataTypeParameters>
</Attribute>
<Attribute name="NM_USUARIO" id="6004C6D4-8D8D-3646-1E84-CF873502C8F8">
<createdBy>logonrmlocal</createdBy>
<createdTime>2023-05-09 22:50:35 UTC</createdTime>
<comment><![CDATA[ESSE ATRIBUTO RECEBERÁ INFORMAÇÕES SOBRE O NOME DO USUÁRIO QUE REALIZOU O CADASTRO NA TABELA, SENDO OBRIGATÓRIO, CONTENDO 30 CARACTERES]]></comment>
<commentInRDBMS><![CDATA[esse atributo receberá informações sobre o nome do usuário que realizou o cadastro na tabela, sendo obrigatório, contendo 30 caracteres]]></commentInRDBMS>
<ownerDesignName>Projeto_RHSTU</ownerDesignName>
<engineerTo>
<item key="E7F19300-F139-548B-9286-C64BD95CAE2D" value="true"/>
</engineerTo>
<useDomainConstraints>false</useDomainConstraints>
<use>1</use>
<logicalDatatype>LOGDT024</logicalDatatype>
<dataTypeSize>30</dataTypeSize>
<ownDataTypeParameters>30,,</ownDataTypeParameters>
</Attribute>
</attributes>
<identifiers itemClass="oracle.dbtools.crest.model.design.logical.CandidateKey">
<identifier id="F6B8BB54-4882-D0D7-490B-E9F45AA700EE" name="PK_RHSTU_BAIRRO">
<createdBy>logonpflocal</createdBy>
<createdTime>2022-08-02 12:20:54 UTC</createdTime>
<ownerDesignName>Projeto_RHSTU</ownerDesignName>
<engineerTo>
<item key="E7F19300-F139-548B-9286-C64BD95CAE2D" value="true"/>
</engineerTo>
<pk>true</pk>
<newElementsIDs>1ECB01D1-8E17-7B14-467D-D88496EA9B1D</newElementsIDs>
<usedAttributes>
<attributeRef>1ECB01D1-8E17-7B14-467D-D88496EA9B1D</attributeRef>
</usedAttributes>
</identifier>
</identifiers>
</Entity>