<?xml version = '1.0' encoding = 'UTF-8'?>
<Entity class="oracle.dbtools.crest.model.design.logical.Entity" directorySegmentName="seg_0" id="5F477709-1835-BF78-2C6F-0805B23D6DDF" name="T_RHSTU_MEDICO">
<createdBy>logonpflocal</createdBy>
<createdTime>2022-04-29 12:55:52 UTC</createdTime>
<ownerDesignName>Projeto_RHSTU</ownerDesignName>
<engineerTo>
<item key="E7F19300-F139-548B-9286-C64BD95CAE2D" value="true"/>
</engineerTo>
<adequatelyNormalized>NO</adequatelyNormalized>
<expectedVolumes>0</expectedVolumes>
<fwdEngineeringStrategyName>Single Table</fwdEngineeringStrategyName>
<growthPercent>0</growthPercent>
<growthType>Year</growthType>
<maxVolumes>9999999</maxVolumes>
<minVolumes>0</minVolumes>
<normalForm>Third</normalForm>
<attributes itemClass="oracle.dbtools.crest.model.design.logical.Attribute">
<Attribute name="ID_MEDICO" id="1B9CB403-E629-65E7-585F-DA2527A66279">
<createdBy>logonpflocal</createdBy>
<createdTime>2022-04-29 12:55:52 UTC</createdTime>
<comment><![CDATA[Esse atributo irá receber a chave primária do médico. Esse número é sequencial e gerado automaticamente pelo sistema. Seu conteúdo é obrigatório.]]></comment>
<commentInRDBMS><![CDATA[Esse atributo irá receber a chave primária do médico. Esse número é sequencial e gerado automaticamente pelo sistema. Seu conteúdo é obrigatório.]]></commentInRDBMS>
<ownerDesignName>Projeto_RHSTU</ownerDesignName>
<importedID>3356A422-4772-FBD5-1362-4A57C3B8EE0D</importedID>
<engineerTo>
<item key="E7F19300-F139-548B-9286-C64BD95CAE2D" value="true"/>
</engineerTo>
<useDomainConstraints>false</useDomainConstraints>
<use>1</use>
<logicalDatatype>LOGDT019</logicalDatatype>
<dataTypePrecision>10</dataTypePrecision>
<ownDataTypeParameters>,10,</ownDataTypeParameters>
</Attribute>
<Attribute name="NM_MEDICO" id="9F8A8943-EB44-C4BB-BB3B-CAF1874252E0">
<createdBy>logonpflocal</createdBy>
<createdTime>2022-04-29 12:55:52 UTC</createdTime>
<comment><![CDATA[Esse atributo irá receber o nome completo do médico.  Seu conteúdo é obrigatório.]]></comment>
<commentInRDBMS><![CDATA[Esse atributo irá receber o nome completo do médico.  Seu conteúdo é obrigatório.]]></commentInRDBMS>
<ownerDesignName>Projeto_RHSTU</ownerDesignName>
<importedID>7357E003-C7EA-6220-9084-1BF1427775D8</importedID>
<engineerTo>
<item key="E7F19300-F139-548B-9286-C64BD95CAE2D" value="true"/>
</engineerTo>
<useDomainConstraints>false</useDomainConstraints>
<use>1</use>
<logicalDatatype>LOGDT024</logicalDatatype>
<dataTypeSize>90</dataTypeSize>
<ownDataTypeParameters>90,,</ownDataTypeParameters>
</Attribute>
<Attribute name="NR_CRM" id="4DF2C6EE-69D0-134A-D06B-0D24B5EF3009">
<createdBy>logonpflocal</createdBy>
<createdTime>2022-04-29 12:55:52 UTC</createdTime>
<comment><![CDATA[Esse atributo irá receber o número do CRM do médico. Seu conteúdo é obrigatório.]]></comment>
<commentInRDBMS><![CDATA[Esse atributo irá receber o número do CRM do médico. Seu conteúdo é obrigatório.]]></commentInRDBMS>
<ownerDesignName>Projeto_RHSTU</ownerDesignName>
<importedID>B5E26CE9-A5C8-EBFE-EEC4-0579258AFF9C</importedID>
<engineerTo>
<item key="E7F19300-F139-548B-9286-C64BD95CAE2D" value="true"/>
</engineerTo>
<useDomainConstraints>false</useDomainConstraints>
<use>1</use>
<logicalDatatype>LOGDT019</logicalDatatype>
<dataTypePrecision>10</dataTypePrecision>
<ownDataTypeParameters>,10,</ownDataTypeParameters>
</Attribute>
<Attribute name="DS_ESPECIALIDADE" id="2EAED291-978F-DBE1-D669-D125320D27BB">
<createdBy>logonpflocal</createdBy>
<createdTime>2022-04-29 12:55:52 UTC</createdTime>
<comment><![CDATA[Esse atributo irá receber a especialidade do médico. Seu conteúdo é obrigatório.]]></comment>
<commentInRDBMS><![CDATA[Esse atributo irá receber a especialidade do médico. Seu conteúdo é obrigatório.]]></commentInRDBMS>
<ownerDesignName>Projeto_RHSTU</ownerDesignName>
<importedID>07297610-A4B4-A346-B7D2-340186286C21</importedID>
<engineerTo>
<item key="E7F19300-F139-548B-9286-C64BD95CAE2D" value="true"/>
</engineerTo>
<useDomainConstraints>false</useDomainConstraints>
<use>1</use>
<logicalDatatype>LOGDT024</logicalDatatype>
<dataTypeSize>50</dataTypeSize>
<ownDataTypeParameters>50,,</ownDataTypeParameters>
</Attribute>
<Attribute name="ST_MEDICO" id="65956069-953F-0E3A-216D-6711E040EC82">
<createdBy>logonrmlocal</createdBy>
<createdTime>2023-05-09 22:30:09 UTC</createdTime>
<comment><![CDATA[ESSE ATRIBUTO RECEBERÁ CONTEUDO SOBRE O STATUS DO MÉDICO, PODENDO SER (A)tivo e (I)nativo.]]></comment>
<commentInRDBMS><![CDATA[ESSE ATRIBUTO RECEBERÁ CONTEUDO SOBRE O STATUS DO MÉDICO, PODENDO SER (A)tivo e (I)nativo.]]></commentInRDBMS>
<ownerDesignName>Projeto_RHSTU</ownerDesignName>
<engineerTo>
<item key="E7F19300-F139-548B-9286-C64BD95CAE2D" value="true"/>
</engineerTo>
<useDomainConstraints>false</useDomainConstraints>
<use>1</use>
<logicalDatatype>LOGDT024</logicalDatatype>
<dataTypeSize>50</dataTypeSize>
<listOfValues>
<valueDef value="A" description="ativo"/>
<valueDef value="I" description="inativo"/>
</listOfValues>
<defaultValue>A</defaultValue>
<ownDataTypeParameters>50,,</ownDataTypeParameters>
</Attribute>
<Attribute name="DT_CADASTRO" id="5A56E47E-9716-BCC4-74A9-E6CFE7B351D0">
<createdBy>logonrmlocal</createdBy>
<createdTime>2023-05-09 22:45:20 UTC</createdTime>
<comment><![CDATA[ESSE ATRIBUTO RECEBERÁ INFORMAÇÕES SOBRE A DATA DE CADASTRO DA TABELA, SENDO OBRIGATORIO]]></comment>
<commentInRDBMS><![CDATA[esse atributo receberá informações sobre a data de cadastro da tabela, sendo obrigatorio
]]></commentInRDBMS>
<ownerDesignName>Projeto_RHSTU</ownerDesignName>
<engineerTo>
<item key="E7F19300-F139-548B-9286-C64BD95CAE2D" value="true"/>
</engineerTo>
<useDomainConstraints>false</useDomainConstraints>
<use>1</use>
<logicalDatatype>LOGDT008</logicalDatatype>
<ownDataTypeParameters>,,</ownDataTypeParameters>
</Attribute>
<Attribute name="NM_USUARIO" id="84FC1DAD-46B1-5280-3200-1D8FA21A4F14">
<createdBy>logonrmlocal</createdBy>
<createdTime>2023-05-09 22:49:43 UTC</createdTime>
<comment><![CDATA[ESSE ATRIBUTO RECEBERÁ INFORMAÇÕES SOBRE O NOME DO USUÁRIO QUE REALIZOU O CADASTRO NA TABELA, SENDO OBRIGATÓRIO, CONTENDO 30 CARACTERES]]></comment>
<commentInRDBMS><![CDATA[esse atributo receberá informações sobre o nome do usuário que realizou o cadastro na tabela, sendo obrigatório, contendo 30 caracteres]]></commentInRDBMS>
<ownerDesignName>Projeto_RHSTU</ownerDesignName>
<engineerTo>
<item key="E7F19300-F139-548B-9286-C64BD95CAE2D" value="true"/>
</engineerTo>
<useDomainConstraints>false</useDomainConstraints>
<use>1</use>
<logicalDatatype>LOGDT024</logicalDatatype>
<dataTypeSize>30</dataTypeSize>
<ownDataTypeParameters>30,,</ownDataTypeParameters>
</Attribute>
</attributes>
<identifiers itemClass="oracle.dbtools.crest.model.design.logical.CandidateKey">
<identifier id="42357FD1-4EB3-2628-0F66-ABEEA687B1EC" name="PK_RHSTU_MEDICO">
<createdBy>logonpflocal</createdBy>
<createdTime>2022-04-29 12:55:52 UTC</createdTime>
<ownerDesignName>Projeto_RHSTU</ownerDesignName>
<engineerTo>
<item key="E7F19300-F139-548B-9286-C64BD95CAE2D" value="true"/>
</engineerTo>
<pk>true</pk>
<newElementsIDs>1B9CB403-E629-65E7-585F-DA2527A66279</newElementsIDs>
<usedAttributes>
<attributeRef>1B9CB403-E629-65E7-585F-DA2527A66279</attributeRef>
</usedAttributes>
</identifier>
</identifiers>
</Entity>