<?xml version = '1.0' encoding = 'UTF-8'?>
<Entity class="oracle.dbtools.crest.model.design.logical.Entity" directorySegmentName="seg_0" id="CDD54745-3930-D1D7-5257-BDB05A5DBC33" name="T_RHSTU_TIPO_CONTATO">
<createdBy>Gustavo Padlipskas</createdBy>
<createdTime>2022-04-09 18:25:15 UTC</createdTime>
<ownerDesignName>Projeto_RHSTU</ownerDesignName>
<engineerTo>
<item key="E7F19300-F139-548B-9286-C64BD95CAE2D" value="true"/>
</engineerTo>
<adequatelyNormalized>NO</adequatelyNormalized>
<expectedVolumes>0</expectedVolumes>
<fwdEngineeringStrategyName>Single Table</fwdEngineeringStrategyName>
<growthPercent>0</growthPercent>
<growthType>Year</growthType>
<maxVolumes>9999999</maxVolumes>
<minVolumes>0</minVolumes>
<normalForm>Third</normalForm>
<attributes itemClass="oracle.dbtools.crest.model.design.logical.Attribute">
<Attribute name="ID_TIPO_CONTATO" id="96F25215-6C52-EFA7-66EA-6F769446009E">
<createdBy>Gustavo Padlipskas</createdBy>
<createdTime>2022-04-09 18:25:15 UTC</createdTime>
<comment><![CDATA[Esse atributo irá receber a chave primária do tipo do contato. Esse número é sequencial e gerado automaticamente pelo sistema. Seu conteúdo é obrigatório.]]></comment>
<commentInRDBMS><![CDATA[Esse atributo irá receber a chave primária do tipo do contato. Esse número é sequencial e gerado automaticamente pelo sistema. Seu conteúdo é obrigatório.]]></commentInRDBMS>
<ownerDesignName>Projeto_RHSTU</ownerDesignName>
<engineerTo>
<item key="E7F19300-F139-548B-9286-C64BD95CAE2D" value="true"/>
</engineerTo>
<useDomainConstraints>false</useDomainConstraints>
<use>1</use>
<logicalDatatype>LOGDT019</logicalDatatype>
<dataTypePrecision>5</dataTypePrecision>
<ownDataTypeParameters>,5,</ownDataTypeParameters>
</Attribute>
<Attribute name="NM_TIPO_CONTATO" id="A638073E-E72D-E96A-6B0B-7DB51EC17DFC">
<createdBy>Gustavo Padlipskas</createdBy>
<createdTime>2022-04-09 18:25:15 UTC</createdTime>
<comment><![CDATA[Este atributo irá  receber o nome  do tipo de contato (Mãe, Pai, Prima(o), Irmã(o), Amiga(o), Colega de trabalho) entre outros. Seu conteudo é obrigatório.]]></comment>
<commentInRDBMS><![CDATA[Este atributo irá  receber o nome  do tipo de contato (Mãe, Pai, Prima(o), Irmã(o), Amiga(o), Colega de trabalho) entre outros. Seu conteudo é obrigatório.
]]></commentInRDBMS>
<generatorID>8BCC4E83-DAA8-181A-7DE9-422F9A8742E1</generatorID>
<ownerDesignName>Projeto_RHSTU</ownerDesignName>
<engineerTo>
<item key="E7F19300-F139-548B-9286-C64BD95CAE2D" value="true"/>
</engineerTo>
<useDomainConstraints>false</useDomainConstraints>
<use>1</use>
<logicalDatatype>LOGDT024</logicalDatatype>
<dataTypeSize>80</dataTypeSize>
<ownDataTypeParameters>80,,</ownDataTypeParameters>
</Attribute>
<Attribute name="DT_INICIO" id="53ED9ABB-1D51-E3CE-B964-859566232659">
<createdBy>Gustavo Padlipskas</createdBy>
<createdTime>2022-04-09 18:25:15 UTC</createdTime>
<comment><![CDATA[Este atributo irá  receber a data de início de validade do tipo do contato. Seu conteudo é obrigatório.]]></comment>
<commentInRDBMS><![CDATA[Este atributo irá  receber a data de início de validade do tipo do contato. Seu conteudo é obrigatório.]]></commentInRDBMS>
<ownerDesignName>Projeto_RHSTU</ownerDesignName>
<engineerTo>
<item key="E7F19300-F139-548B-9286-C64BD95CAE2D" value="true"/>
</engineerTo>
<useDomainConstraints>false</useDomainConstraints>
<use>1</use>
<logicalDatatype>LOGDT007</logicalDatatype>
<ownDataTypeParameters>,,</ownDataTypeParameters>
</Attribute>
<Attribute name="DT_FIM" id="C2128B5A-EBA3-F076-EFD2-5AC661F76A4D">
<createdBy>Gustavo Padlipskas</createdBy>
<createdTime>2022-04-09 18:25:15 UTC</createdTime>
<comment><![CDATA[Este atributo irá  receber a data de término  de validade do tipo do contato. Seu conteudo é obrigatório.]]></comment>
<commentInRDBMS><![CDATA[Este atributo irá  receber a data de término  de validade do tipo do contato. Seu conteudo é obrigatório.]]></commentInRDBMS>
<ownerDesignName>Projeto_RHSTU</ownerDesignName>
<engineerTo>
<item key="E7F19300-F139-548B-9286-C64BD95CAE2D" value="true"/>
</engineerTo>
<nullsAllowed>true</nullsAllowed>
<useDomainConstraints>false</useDomainConstraints>
<use>1</use>
<logicalDatatype>LOGDT007</logicalDatatype>
<ownDataTypeParameters>,,</ownDataTypeParameters>
</Attribute>
<Attribute name="DT_CADASTRO" id="FC5B324F-71E5-F8D4-99B5-F99EEE65C932">
<createdBy>logonrmlocal</createdBy>
<createdTime>2023-05-09 22:44:08 UTC</createdTime>
<comment><![CDATA[ESSE ATRIBUTO RECEBERÁ INFORMAÇÕES SOBRE A DATA DE CADASTRO DA TABELA, SENDO OBRIGATORIO]]></comment>
<commentInRDBMS><![CDATA[esse atributo receberá informações sobre a data de cadastro da tabela, sendo obrigatorio
]]></commentInRDBMS>
<ownerDesignName>Projeto_RHSTU</ownerDesignName>
<engineerTo>
<item key="E7F19300-F139-548B-9286-C64BD95CAE2D" value="true"/>
</engineerTo>
<useDomainConstraints>false</useDomainConstraints>
<use>1</use>
<logicalDatatype>LOGDT008</logicalDatatype>
<ownDataTypeParameters>,,</ownDataTypeParameters>
</Attribute>
<Attribute name="NM_USUARIO" id="C67831A8-4184-8392-8102-6791C921AA00">
<createdBy>logonrmlocal</createdBy>
<createdTime>2023-05-09 22:50:20 UTC</createdTime>
<comment><![CDATA[ESSE ATRIBUTO RECEBERÁ INFORMAÇÕES SOBRE O NOME DO USUÁRIO QUE REALIZOU O CADASTRO NA TABELA, SENDO OBRIGATÓRIO, CONTENDO 30 CARACTERES]]></comment>
<commentInRDBMS><![CDATA[esse atributo receberá informações sobre o nome do usuário que realizou o cadastro na tabela, sendo obrigatório, contendo 30 caracteres]]></commentInRDBMS>
<ownerDesignName>Projeto_RHSTU</ownerDesignName>
<engineerTo>
<item key="E7F19300-F139-548B-9286-C64BD95CAE2D" value="true"/>
</engineerTo>
<useDomainConstraints>false</useDomainConstraints>
<use>1</use>
<logicalDatatype>LOGDT024</logicalDatatype>
<dataTypeSize>30</dataTypeSize>
<ownDataTypeParameters>30,,</ownDataTypeParameters>
</Attribute>
</attributes>
<identifiers itemClass="oracle.dbtools.crest.model.design.logical.CandidateKey">
<identifier id="C3B8E62C-F474-3340-3A33-B0C00FEF136F" name="PK_RHSTU_TIPO_CONTATO">
<createdBy>Gustavo Padlipskas</createdBy>
<createdTime>2022-04-09 18:25:15 UTC</createdTime>
<ownerDesignName>Projeto_RHSTU</ownerDesignName>
<engineerTo>
<item key="E7F19300-F139-548B-9286-C64BD95CAE2D" value="true"/>
</engineerTo>
<pk>true</pk>
<newElementsIDs>96F25215-6C52-EFA7-66EA-6F769446009E</newElementsIDs>
<usedAttributes>
<attributeRef>96F25215-6C52-EFA7-66EA-6F769446009E</attributeRef>
</usedAttributes>
</identifier>
</identifiers>
</Entity>