<?xml version = '1.0' encoding = 'UTF-8'?>
<Diagram class="oracle.dbtools.crest.swingui.relational.DPVRelational" name="Relational_1" id="DC6E5291-5A39-BA58-2EE5-2A77DCB154BE">
<createdBy>Gustavo Padlipskas</createdBy>
<modifiedBy>Gustavo Padlipskas</modifiedBy>
<createdTime>2021-03-11 15:10:46 UTC</createdTime>
<autoRoute>false</autoRoute>
<boxInbox>true</boxInbox>
<showLegend>false</showLegend>
<showLabels>false</showLabels>
<showRelAttributes>false</showRelAttributes>
<gridEnabled>false</gridEnabled>
<showGrid>false</showGrid>
<diagramColor>-1</diagramColor>
<display>false</display>
<notation>1</notation>
<objectViews>
<OView class="oracle.dbtools.crest.swingui.relational.TVTable" oid="06919F64-2D8C-A7D4-FA4A-4B90D3183F61" otype="Table" vid="0123B73E-335A-9FBE-29CB-DE26B3CEAC61">
<hideElementsInCurrentOnly>false</hideElementsInCurrentOnly>
<bounds x="1167" y="192" width="301" height="206"/>
</OView>
<OView class="oracle.dbtools.crest.swingui.TVNote" oid="081AE2FC-FE11-23FC-942C-641AD34D7F38" otype="Note" vid="287CA421-2F4E-EE88-7D01-AA9E3B4D5FCD">
<hideElementsInCurrentOnly>false</hideElementsInCurrentOnly>
<bounds x="9" y="22" width="364" height="152"/>
<useCustomFormat>true</useCustomFormat>
<useDefaultColor>false</useDefaultColor>
<backgroundColor>-13434676</backgroundColor>
<foregroundColor>-16777216</foregroundColor>
<comment>PROJETO PRONTO SOCORRO
REDE DE HOSPITAL SOMOS TODOS UM!</comment>
<fonts itemClass="oracle.dbtools.crest.model.design.FontObjectWr">
<FontObject>
<foType>Título</foType>
<fontSize>18</fontSize>
<fontStyle>1</fontStyle>
<colorRGB>-1</colorRGB>
<foTypeID>1</foTypeID>
</FontObject>
<FontObject>
<foType>Title</foType>
<colorRGB>-16777216</colorRGB>
</FontObject>
</fonts>
</OView>
<OView class="oracle.dbtools.crest.swingui.relational.TVTable" oid="1A72A0C3-99B9-8477-5583-AABCE6AB8068" otype="Table" vid="4B88D980-4478-D1B6-8D50-21C44A958DAD">
<hideElementsInCurrentOnly>false</hideElementsInCurrentOnly>
<bounds x="393" y="8" width="305" height="174"/>
</OView>
<OView class="oracle.dbtools.crest.swingui.relational.TVTable" oid="1FA23836-5138-25D6-5FCA-E0F02E0CE7A9" otype="Table" vid="9AD750A8-95D9-ECA0-F2F0-2329DAE89515">
<hideElementsInCurrentOnly>false</hideElementsInCurrentOnly>
<bounds x="1162" y="409" width="301" height="230"/>
</OView>
<OView class="oracle.dbtools.crest.swingui.relational.TVTable" oid="2280E39C-58E9-62D7-EBA7-3454FF3AE40E" otype="Table" vid="8D377093-8855-BA09-7C3E-CEC8F0E70F4B">
<hideElementsInCurrentOnly>false</hideElementsInCurrentOnly>
<bounds x="1167" y="840" width="296" height="162"/>
</OView>
<OView class="oracle.dbtools.crest.swingui.relational.TVTable" oid="2CFB3B1D-B129-CE40-8C62-8173039A5BAA" otype="Table" vid="409A67D8-B9B4-3E4C-C1A3-3D877A59B0E4">
<hideElementsInCurrentOnly>false</hideElementsInCurrentOnly>
<bounds x="33" y="352" width="301" height="207"/>
</OView>
<OView class="oracle.dbtools.crest.swingui.relational.TVTable" oid="325B3804-86D8-D849-7A8D-B870FC6EADFB" otype="Table" vid="8D6E3005-4702-90F8-852F-F3A2D98AA4A7">
<hideElementsInCurrentOnly>false</hideElementsInCurrentOnly>
<bounds x="836" y="526" width="256" height="285"/>
</OView>
<OView class="oracle.dbtools.crest.swingui.relational.TVTable" oid="4741086C-C0D7-BD4B-6123-3E6D63D66A83" otype="Table" vid="1A65B4AA-EAAB-9FED-7BD2-BDDA49C104D8">
<hideElementsInCurrentOnly>false</hideElementsInCurrentOnly>
<bounds x="1167" y="5" width="301" height="178"/>
</OView>
<OView class="oracle.dbtools.crest.swingui.relational.TVTable" oid="55E66421-0BB7-9CEC-2EAA-ED94FCB19F79" otype="Table" vid="669CFAF9-8422-C166-1DF9-BD49710F5A00">
<hideElementsInCurrentOnly>false</hideElementsInCurrentOnly>
<bounds x="1932" y="360" width="220" height="167"/>
<useCustomFormat>true</useCustomFormat>
<useDefaultColor>false</useDefaultColor>
<backgroundColor>-52</backgroundColor>
<foregroundColor>-16776961</foregroundColor>
<fonts itemClass="oracle.dbtools.crest.model.design.FontObjectWr">
<FontObject>
<foType>Título</foType>
<fontStyle>1</fontStyle>
<colorRGB>-16776961</colorRGB>
<foTypeID>1</foTypeID>
</FontObject>
<FontObject>
<foType>Coluna</foType>
<colorRGB>-16777216</colorRGB>
<foTypeID>2</foTypeID>
</FontObject>
<FontObject>
<foType>NOT NULL</foType>
<colorRGB>-65536</colorRGB>
<foTypeID>10</foTypeID>
</FontObject>
<FontObject>
<foType>Elemento da Chave Primária</foType>
<colorRGB>-16776961</colorRGB>
<foTypeID>7</foTypeID>
</FontObject>
<FontObject>
<foType>Tipo de dados</foType>
<colorRGB>-16744448</colorRGB>
<foTypeID>5</foTypeID>
</FontObject>
<FontObject>
<foType>Elemento da Chave Estrangeira</foType>
<colorRGB>-16777216</colorRGB>
<foTypeID>8</foTypeID>
</FontObject>
<FontObject>
<foType>Chave</foType>
<colorRGB>-16777216</colorRGB>
<foTypeID>6</foTypeID>
</FontObject>
</fonts>
</OView>
<OView class="oracle.dbtools.crest.swingui.relational.TVTable" oid="56C41142-C9CD-66A2-CCBE-A4D1C56B8DD8" otype="Table" vid="A29A9C25-4546-0620-214B-FABA76AB8BC3">
<hideElementsInCurrentOnly>false</hideElementsInCurrentOnly>
<bounds x="1597" y="356" width="269" height="157"/>
<useCustomFormat>true</useCustomFormat>
<useDefaultColor>false</useDefaultColor>
<backgroundColor>-52</backgroundColor>
<foregroundColor>-16776961</foregroundColor>
<fonts itemClass="oracle.dbtools.crest.model.design.FontObjectWr">
<FontObject>
<foType>Título</foType>
<fontStyle>1</fontStyle>
<colorRGB>-16776961</colorRGB>
<foTypeID>1</foTypeID>
</FontObject>
<FontObject>
<foType>Coluna</foType>
<colorRGB>-16777216</colorRGB>
<foTypeID>2</foTypeID>
</FontObject>
<FontObject>
<foType>NOT NULL</foType>
<colorRGB>-65536</colorRGB>
<foTypeID>10</foTypeID>
</FontObject>
<FontObject>
<foType>Elemento da Chave Primária</foType>
<colorRGB>-16776961</colorRGB>
<foTypeID>7</foTypeID>
</FontObject>
<FontObject>
<foType>Tipo de dados</foType>
<colorRGB>-16744448</colorRGB>
<foTypeID>5</foTypeID>
</FontObject>
<FontObject>
<foType>Elemento da Chave Estrangeira</foType>
<colorRGB>-16777216</colorRGB>
<foTypeID>8</foTypeID>
</FontObject>
<FontObject>
<foType>Chave</foType>
<colorRGB>-16777216</colorRGB>
<foTypeID>6</foTypeID>
</FontObject>
</fonts>
</OView>
<OView class="oracle.dbtools.crest.swingui.relational.TVTable" oid="58A79333-CD68-5835-5440-4858F6457167" otype="Table" vid="2C316050-5427-F741-59F2-051CEFB3ED4D">
<hideElementsInCurrentOnly>false</hideElementsInCurrentOnly>
<bounds x="832" y="851" width="261" height="182"/>
</OView>
<OView class="oracle.dbtools.crest.swingui.relational.TVTable" oid="61A0199A-84FB-E546-DAAD-E12458CE6334" otype="Table" vid="059F058E-24EA-A0D8-A19E-5563A433DB1E">
<hideElementsInCurrentOnly>false</hideElementsInCurrentOnly>
<bounds x="1931" y="590" width="221" height="152"/>
<useCustomFormat>true</useCustomFormat>
<useDefaultColor>false</useDefaultColor>
<backgroundColor>-52</backgroundColor>
<foregroundColor>-16776961</foregroundColor>
<fonts itemClass="oracle.dbtools.crest.model.design.FontObjectWr">
<FontObject>
<foType>Título</foType>
<fontStyle>1</fontStyle>
<colorRGB>-16776961</colorRGB>
<foTypeID>1</foTypeID>
</FontObject>
<FontObject>
<foType>Coluna</foType>
<colorRGB>-16777216</colorRGB>
<foTypeID>2</foTypeID>
</FontObject>
<FontObject>
<foType>NOT NULL</foType>
<colorRGB>-65536</colorRGB>
<foTypeID>10</foTypeID>
</FontObject>
<FontObject>
<foType>Elemento da Chave Primária</foType>
<colorRGB>-16776961</colorRGB>
<foTypeID>7</foTypeID>
</FontObject>
<FontObject>
<foType>Tipo de dados</foType>
<colorRGB>-16744448</colorRGB>
<foTypeID>5</foTypeID>
</FontObject>
<FontObject>
<foType>Elemento da Chave Estrangeira</foType>
<colorRGB>-16777216</colorRGB>
<foTypeID>8</foTypeID>
</FontObject>
<FontObject>
<foType>Chave</foType>
<colorRGB>-16777216</colorRGB>
<foTypeID>6</foTypeID>
</FontObject>
</fonts>
</OView>
<OView class="oracle.dbtools.crest.swingui.relational.TVTable" oid="7552B9A6-060C-1C5C-7665-286D953E2FE8" otype="Table" vid="1BDE50DC-E8B4-7B4C-9043-0812526A430E">
<hideElementsInCurrentOnly>false</hideElementsInCurrentOnly>
<bounds x="1930" y="795" width="220" height="128"/>
<useCustomFormat>true</useCustomFormat>
<useDefaultColor>false</useDefaultColor>
<backgroundColor>-52</backgroundColor>
<foregroundColor>-16776961</foregroundColor>
<fonts itemClass="oracle.dbtools.crest.model.design.FontObjectWr">
<FontObject>
<foType>Título</foType>
<fontStyle>1</fontStyle>
<colorRGB>-16776961</colorRGB>
<foTypeID>1</foTypeID>
</FontObject>
<FontObject>
<foType>Coluna</foType>
<colorRGB>-16777216</colorRGB>
<foTypeID>2</foTypeID>
</FontObject>
<FontObject>
<foType>NOT NULL</foType>
<colorRGB>-65536</colorRGB>
<foTypeID>10</foTypeID>
</FontObject>
<FontObject>
<foType>Elemento da Chave Primária</foType>
<colorRGB>-16776961</colorRGB>
<foTypeID>7</foTypeID>
</FontObject>
<FontObject>
<foType>Tipo de dados</foType>
<colorRGB>-16744448</colorRGB>
<foTypeID>5</foTypeID>
</FontObject>
<FontObject>
<foType>Chave</foType>
<colorRGB>-16777216</colorRGB>
<foTypeID>6</foTypeID>
</FontObject>
</fonts>
</OView>
<OView class="oracle.dbtools.crest.swingui.relational.TVTable" oid="776C288D-5218-E012-5CAF-B4ECF2E3FF42" otype="Table" vid="4E541185-89BD-3482-D256-A40329506132">
<hideElementsInCurrentOnly>false</hideElementsInCurrentOnly>
<bounds x="30" y="605" width="302" height="220"/>
</OView>
<OView class="oracle.dbtools.crest.swingui.relational.TVTable" oid="8018450E-6830-0415-AA48-722F65E2545B" otype="Table" vid="A307CFBF-A5AE-E31A-4AD9-A19EB4B220AF">
<hideElementsInCurrentOnly>false</hideElementsInCurrentOnly>
<bounds x="388" y="600" width="306" height="222"/>
</OView>
<OView class="oracle.dbtools.crest.swingui.relational.TVTable" oid="952322E7-4403-6583-AEB8-7BD67837CEAD" otype="Table" vid="1FDADBCA-DF44-D354-19A2-3CBDA96E331D">
<hideElementsInCurrentOnly>false</hideElementsInCurrentOnly>
<bounds x="385" y="357" width="307" height="194"/>
</OView>
<OView class="oracle.dbtools.crest.swingui.relational.TVTable" oid="A5193288-EF01-8730-B396-F059A92A9E46" otype="Table" vid="A78EE290-C130-960C-D537-178933896FFB">
<hideElementsInCurrentOnly>false</hideElementsInCurrentOnly>
<bounds x="836" y="26" width="254" height="451"/>
</OView>
<OView class="oracle.dbtools.crest.swingui.relational.TVTable" oid="BF3D2154-8BFC-119F-2322-F67FC8F8D890" otype="Table" vid="8E6A43BC-93CF-77AC-9898-A3A4BB6F7AB9">
<hideElementsInCurrentOnly>false</hideElementsInCurrentOnly>
<bounds x="1525" y="12" width="301" height="149"/>
</OView>
<OView class="oracle.dbtools.crest.swingui.relational.TVTable" oid="C31EA93F-2C44-3E8C-320E-5D115174D82A" otype="Table" vid="2193F697-B009-016C-F4B7-21D7FD9F6FE1">
<hideElementsInCurrentOnly>false</hideElementsInCurrentOnly>
<bounds x="1163" y="656" width="299" height="156"/>
</OView>
<OView class="oracle.dbtools.crest.swingui.relational.TVTable" oid="E54BFE06-59D2-1ABE-68AF-C6BDA736DF84" otype="Table" vid="C50F469F-1FFF-3591-3B8E-448AF579DDC5">
<hideElementsInCurrentOnly>false</hideElementsInCurrentOnly>
<bounds x="393" y="191" width="304" height="150"/>
</OView>
</objectViews>
<connectors>
<Connector class="oracle.dbtools.crest.swingui.relational.TVFKRelation" oid="03F3CE4A-43F8-4250-E8F6-850D16788C46" otype="FKIndexAssociation" vid_source="A78EE290-C130-960C-D537-178933896FFB" vid_target="4B88D980-4478-D1B6-8D50-21C44A958DAD">
<hideElementsInCurrentOnly>false</hideElementsInCurrentOnly>
<backgroundColor>-16777216</backgroundColor>
<lineWidth>1</lineWidth>
<points>
<point x="836" y="104"/>
<point x="698" y="104"/>
</points>
</Connector>
<Connector class="oracle.dbtools.crest.swingui.relational.TVFKRelation" oid="078FE3C5-5E27-6849-671A-1B800503D624" otype="FKIndexAssociation" vid_source="1BDE50DC-E8B4-7B4C-9043-0812526A430E" vid_target="059F058E-24EA-A0D8-A19E-5563A433DB1E">
<hideElementsInCurrentOnly>false</hideElementsInCurrentOnly>
<backgroundColor>-16777216</backgroundColor>
<lineWidth>1</lineWidth>
<points>
<point x="2040" y="795"/>
<point x="2040" y="742"/>
</points>
</Connector>
<Connector class="oracle.dbtools.crest.swingui.relational.TVFKRelation" oid="0CCBD13D-643D-4835-E205-D57E4E1BC27F" otype="FKIndexAssociation" vid_source="A78EE290-C130-960C-D537-178933896FFB" vid_target="1A65B4AA-EAAB-9FED-7BD2-BDDA49C104D8">
<hideElementsInCurrentOnly>false</hideElementsInCurrentOnly>
<backgroundColor>-16777216</backgroundColor>
<lineWidth>1</lineWidth>
<points>
<point x="1090" y="104"/>
<point x="1167" y="104"/>
</points>
</Connector>
<Connector class="oracle.dbtools.crest.swingui.relational.TVFKRelation" oid="129B13F8-D036-94C1-B4B7-21962ED94C0D" otype="FKIndexAssociation" vid_source="8D6E3005-4702-90F8-852F-F3A2D98AA4A7" vid_target="2C316050-5427-F741-59F2-051CEFB3ED4D">
<hideElementsInCurrentOnly>false</hideElementsInCurrentOnly>
<backgroundColor>-16777216</backgroundColor>
<lineWidth>1</lineWidth>
<points>
<point x="964" y="811"/>
<point x="964" y="851"/>
</points>
</Connector>
<Connector class="oracle.dbtools.crest.swingui.relational.TVFKRelation" oid="1D86ACFA-FCED-811A-24C1-AFF25F20F7AC" otype="FKIndexAssociation" vid_source="A78EE290-C130-960C-D537-178933896FFB" vid_target="1FDADBCA-DF44-D354-19A2-3CBDA96E331D">
<hideElementsInCurrentOnly>false</hideElementsInCurrentOnly>
<backgroundColor>-16777216</backgroundColor>
<lineWidth>1</lineWidth>
<points>
<point x="836" y="417"/>
<point x="692" y="417"/>
</points>
</Connector>
<Connector class="oracle.dbtools.crest.swingui.relational.TVFKRelation" oid="23FFD2FD-2F11-F0A8-B85B-82AA16B6C658" otype="FKIndexAssociation" vid_source="8E6A43BC-93CF-77AC-9898-A3A4BB6F7AB9" vid_target="1A65B4AA-EAAB-9FED-7BD2-BDDA49C104D8">
<hideElementsInCurrentOnly>false</hideElementsInCurrentOnly>
<backgroundColor>-16777216</backgroundColor>
<lineWidth>1</lineWidth>
<points>
<point x="1525" y="86"/>
<point x="1468" y="86"/>
</points>
</Connector>
<Connector class="oracle.dbtools.crest.swingui.relational.TVFKRelation" oid="2761F60D-85AF-6F11-E5A0-38FAB9704FFE" otype="FKIndexAssociation" vid_source="A78EE290-C130-960C-D537-178933896FFB" vid_target="C50F469F-1FFF-3591-3B8E-448AF579DDC5">
<hideElementsInCurrentOnly>false</hideElementsInCurrentOnly>
<backgroundColor>-16777216</backgroundColor>
<lineWidth>1</lineWidth>
<points>
<point x="836" y="266"/>
<point x="697" y="266"/>
</points>
</Connector>
<Connector class="oracle.dbtools.crest.swingui.relational.TVFKRelation" oid="3917EDAF-CD43-451A-2B9C-A5F8E3145F18" otype="FKIndexAssociation" vid_source="A29A9C25-4546-0620-214B-FABA76AB8BC3" vid_target="9AD750A8-95D9-ECA0-F2F0-2329DAE89515">
<hideElementsInCurrentOnly>false</hideElementsInCurrentOnly>
<backgroundColor>-16777216</backgroundColor>
<lineWidth>1</lineWidth>
<points>
<point x="1727" y="513"/>
<point x="1727" y="571"/>
<point x="1463" y="571"/>
</points>
</Connector>
<Connector class="oracle.dbtools.crest.swingui.relational.TVFKRelation" oid="3CC07319-2353-C70E-6982-08B587FC2320" otype="FKIndexAssociation" vid_source="4E541185-89BD-3482-D256-A40329506132" vid_target="A307CFBF-A5AE-E31A-4AD9-A19EB4B220AF">
<hideElementsInCurrentOnly>false</hideElementsInCurrentOnly>
<backgroundColor>-16777216</backgroundColor>
<lineWidth>1</lineWidth>
<points>
<point x="332" y="713"/>
<point x="388" y="713"/>
</points>
</Connector>
<Connector class="oracle.dbtools.crest.swingui.relational.TVFKRelation" oid="415CEE48-293D-3B14-1223-3F7F1736A313" otype="FKIndexAssociation" vid_source="A78EE290-C130-960C-D537-178933896FFB" vid_target="0123B73E-335A-9FBE-29CB-DE26B3CEAC61">
<hideElementsInCurrentOnly>false</hideElementsInCurrentOnly>
<backgroundColor>-16777216</backgroundColor>
<lineWidth>1</lineWidth>
<points>
<point x="1090" y="295"/>
<point x="1167" y="295"/>
</points>
</Connector>
<Connector class="oracle.dbtools.crest.swingui.relational.TVFKRelation" oid="4230A982-86BE-44A0-E788-6C091D0529B9" otype="FKIndexAssociation" vid_source="409A67D8-B9B4-3E4C-C1A3-3D877A59B0E4" vid_target="1FDADBCA-DF44-D354-19A2-3CBDA96E331D">
<hideElementsInCurrentOnly>false</hideElementsInCurrentOnly>
<backgroundColor>-16777216</backgroundColor>
<lineWidth>1</lineWidth>
<points>
<point x="334" y="454"/>
<point x="385" y="454"/>
</points>
</Connector>
<Connector class="oracle.dbtools.crest.swingui.relational.TVFKRelation" oid="4E145BB5-2C22-6E7E-AD74-25E57D2954DC" otype="FKIndexAssociation" vid_source="A78EE290-C130-960C-D537-178933896FFB" vid_target="8D6E3005-4702-90F8-852F-F3A2D98AA4A7">
<hideElementsInCurrentOnly>false</hideElementsInCurrentOnly>
<backgroundColor>-16777216</backgroundColor>
<lineWidth>1</lineWidth>
<points>
<point x="963" y="477"/>
<point x="963" y="526"/>
</points>
</Connector>
<Connector class="oracle.dbtools.crest.swingui.relational.TVFKRelation" oid="4E958DB4-0B9A-112F-8613-E981D84A5F33" otype="FKIndexAssociation" vid_source="8D6E3005-4702-90F8-852F-F3A2D98AA4A7" vid_target="A307CFBF-A5AE-E31A-4AD9-A19EB4B220AF">
<hideElementsInCurrentOnly>false</hideElementsInCurrentOnly>
<backgroundColor>-16777216</backgroundColor>
<lineWidth>1</lineWidth>
<points>
<point x="836" y="705"/>
<point x="694" y="705"/>
</points>
</Connector>
<Connector class="oracle.dbtools.crest.swingui.relational.TVFKRelation" oid="7353F9B8-7794-11AE-F9D0-BCC852B34BC1" otype="FKIndexAssociation" vid_source="059F058E-24EA-A0D8-A19E-5563A433DB1E" vid_target="669CFAF9-8422-C166-1DF9-BD49710F5A00">
<hideElementsInCurrentOnly>false</hideElementsInCurrentOnly>
<backgroundColor>-16777216</backgroundColor>
<lineWidth>1</lineWidth>
<points>
<point x="2042" y="590"/>
<point x="2042" y="527"/>
</points>
</Connector>
<Connector class="oracle.dbtools.crest.swingui.relational.TVFKRelation" oid="7AF18466-E50F-78A7-6AB4-2D3CC3B2B86C" otype="FKIndexAssociation" vid_source="8D377093-8855-BA09-7C3E-CEC8F0E70F4B" vid_target="2C316050-5427-F741-59F2-051CEFB3ED4D">
<hideElementsInCurrentOnly>false</hideElementsInCurrentOnly>
<backgroundColor>-16777216</backgroundColor>
<lineWidth>1</lineWidth>
<points>
<point x="1167" y="926"/>
<point x="1093" y="926"/>
</points>
</Connector>
<Connector class="oracle.dbtools.crest.swingui.relational.TVFKRelation" oid="C1CF53FC-25A7-461E-D500-25B785B9ADB8" otype="FKIndexAssociation" vid_source="A29A9C25-4546-0620-214B-FABA76AB8BC3" vid_target="0123B73E-335A-9FBE-29CB-DE26B3CEAC61">
<hideElementsInCurrentOnly>false</hideElementsInCurrentOnly>
<backgroundColor>-16777216</backgroundColor>
<lineWidth>1</lineWidth>
<points>
<point x="1721" y="356"/>
<point x="1721" y="257"/>
<point x="1468" y="257"/>
</points>
</Connector>
<Connector class="oracle.dbtools.crest.swingui.relational.TVFKRelation" oid="CF3021E3-E400-DEED-FA4E-F296B9E2312A" otype="FKIndexAssociation" vid_source="669CFAF9-8422-C166-1DF9-BD49710F5A00" vid_target="A29A9C25-4546-0620-214B-FABA76AB8BC3">
<hideElementsInCurrentOnly>false</hideElementsInCurrentOnly>
<backgroundColor>-16777216</backgroundColor>
<lineWidth>1</lineWidth>
<points>
<point x="1932" y="436"/>
<point x="1866" y="436"/>
</points>
</Connector>
<Connector class="oracle.dbtools.crest.swingui.relational.TVFKRelation" oid="D6B54FAC-E104-8F89-FF3E-1A69141D4176" otype="FKIndexAssociation" vid_source="2193F697-B009-016C-F4B7-21D7FD9F6FE1" vid_target="8D6E3005-4702-90F8-852F-F3A2D98AA4A7">
<hideElementsInCurrentOnly>false</hideElementsInCurrentOnly>
<backgroundColor>-16777216</backgroundColor>
<lineWidth>1</lineWidth>
<points>
<point x="1163" y="733"/>
<point x="1092" y="733"/>
</points>
</Connector>
<Connector class="oracle.dbtools.crest.swingui.relational.TVFKRelation" oid="E12D9A7A-E89A-0F0E-3AC6-221757DB3C24" otype="FKIndexAssociation" vid_source="9AD750A8-95D9-ECA0-F2F0-2329DAE89515" vid_target="8D6E3005-4702-90F8-852F-F3A2D98AA4A7">
<hideElementsInCurrentOnly>false</hideElementsInCurrentOnly>
<backgroundColor>-16777216</backgroundColor>
<lineWidth>1</lineWidth>
<points>
<point x="1162" y="582"/>
<point x="1092" y="582"/>
</points>
</Connector>
<Connector class="oracle.dbtools.crest.swingui.relational.TVFKRelation" oid="FCCFB413-E25E-859F-02BF-726AA8E6BFD3" otype="FKIndexAssociation" vid_source="1FDADBCA-DF44-D354-19A2-3CBDA96E331D" vid_target="A307CFBF-A5AE-E31A-4AD9-A19EB4B220AF">
<hideElementsInCurrentOnly>false</hideElementsInCurrentOnly>
<backgroundColor>-16777216</backgroundColor>
<lineWidth>1</lineWidth>
<points>
<point x="540" y="551"/>
<point x="540" y="600"/>
</points>
</Connector>
</connectors>
</Diagram>