<?xml version = '1.0' encoding = 'UTF-8'?>
<Table class="oracle.dbtools.crest.model.design.relational.Table" directorySegmentName="seg_0" id="1A72A0C3-99B9-8477-5583-AABCE6AB8068" name="T_RHSTU_TELEFONE_PACIENTE">
<createdBy>Gustavo Padlipskas</createdBy>
<createdTime>2023-05-13 15:16:44 UTC</createdTime>
<generatorID>C5153E1A-0C36-99E4-0FDF-BD7427056DA5</generatorID>
<ownerDesignName>Projeto_RHSTU</ownerDesignName>
<allowColumnReorder>false</allowColumnReorder>
<existDependencyGenerateInDDl>true</existDependencyGenerateInDDl>
<parsed>true</parsed>
<columns itemClass="oracle.dbtools.crest.model.design.relational.Column">
<Column name="ID_PACIENTE" id="0BD6DC11-181E-1897-5E00-EB20ADD5C272">
<createdBy>Gustavo Padlipskas</createdBy>
<createdTime>2023-05-13 15:16:44 UTC</createdTime>
<comment><![CDATA[Esse atributo irá receber a chave primária do paciente. Esse número é sequencial e gerado automaticamente pelo sistema. Seu conteúdo é obrigatório.]]></comment>
<commentInRDBMS><![CDATA[Esse atributo irá receber a chave primária do paciente. Esse número é sequencial e gerado automaticamente pelo sistema. Seu conteúdo é obrigatório.]]></commentInRDBMS>
<generatorID>B9084DB1-DCD1-09AB-CE95-9CC3B7060678</generatorID>
<ownerDesignName>Projeto_RHSTU</ownerDesignName>
<useDomainConstraints>false</useDomainConstraints>
<use>1</use>
<logicalDatatype>LOGDT019</logicalDatatype>
<dataTypePrecision>9</dataTypePrecision>
<ownDataTypeParameters>,9,</ownDataTypeParameters>
<previousColumn>false</previousColumn>
<autoIncrementCycle>false</autoIncrementCycle>
<associations>
<colAssociation fkAssociation="03F3CE4A-43F8-4250-E8F6-850D16788C46" referredColumn="74808296-38F3-4AE7-D3AA-C91D1F1648BC"/>
</associations>
</Column>
<Column name="ID_TELEFONE" id="B690CED0-AD49-9A33-4046-A21BA6BAECF2">
<createdBy>Gustavo Padlipskas</createdBy>
<createdTime>2023-05-13 15:16:44 UTC</createdTime>
<comment><![CDATA[Esse atributo irá receber a chave primária do telefone do paciente. Esse número é sequencial iniciando com 1 a partir do id do paciente e é  gerado automaticamente pelo sistema. Seu conteúdo é obrigatório.]]></comment>
<commentInRDBMS><![CDATA[Esse atributo irá receber a chave primária do telefone do paciente. Esse número é sequencial iniciando com 1 a partir do id do paciente e é  gerado automaticamente pelo sistema. Seu conteúdo é obrigatório.]]></commentInRDBMS>
<generatorID>E2A7759F-F71D-BA2E-6CB9-54A708AF5648</generatorID>
<ownerDesignName>Projeto_RHSTU</ownerDesignName>
<useDomainConstraints>false</useDomainConstraints>
<use>1</use>
<logicalDatatype>LOGDT019</logicalDatatype>
<dataTypePrecision>9</dataTypePrecision>
<ownDataTypeParameters>,9,</ownDataTypeParameters>
<autoIncrementCycle>false</autoIncrementCycle>
</Column>
<Column name="NR_DDI" id="E8E331C4-1483-8FB2-207C-A7A085A79272">
<createdBy>Gustavo Padlipskas</createdBy>
<createdTime>2023-05-13 15:16:44 UTC</createdTime>
<comment><![CDATA[Este atributo irá receber o número do DDI do telefone do  paciente. Seu conteudo é obrigatório]]></comment>
<commentInRDBMS><![CDATA[Este atributo irá receber o número do DDI do telefone do  paciente. Seu conteudo é obrigatório.]]></commentInRDBMS>
<generatorID>51C7512B-A456-EC5E-42FA-78F75E2201C5</generatorID>
<ownerDesignName>Projeto_RHSTU</ownerDesignName>
<useDomainConstraints>false</useDomainConstraints>
<use>1</use>
<logicalDatatype>LOGDT019</logicalDatatype>
<dataTypePrecision>3</dataTypePrecision>
<ownDataTypeParameters>,3,</ownDataTypeParameters>
<autoIncrementCycle>false</autoIncrementCycle>
</Column>
<Column name="NR_DDD" id="985911D0-774C-1859-EC77-96757D1FCEAF">
<createdBy>Gustavo Padlipskas</createdBy>
<createdTime>2023-05-13 15:16:44 UTC</createdTime>
<comment><![CDATA[Esse atributo irá receber o número do DDD do telefone paciente.  Seu conteúdo é obrigatório.]]></comment>
<commentInRDBMS><![CDATA[Esse atributo irá receber o número do DDD do telefone paciente.  Seu conteúdo é obrigatório.]]></commentInRDBMS>
<generatorID>6058B28E-F6D9-0905-716D-9DA1C28FF102</generatorID>
<ownerDesignName>Projeto_RHSTU</ownerDesignName>
<useDomainConstraints>false</useDomainConstraints>
<use>1</use>
<logicalDatatype>LOGDT019</logicalDatatype>
<dataTypePrecision>3</dataTypePrecision>
<ownDataTypeParameters>,3,</ownDataTypeParameters>
<autoIncrementCycle>false</autoIncrementCycle>
</Column>
<Column name="NR_TELEFONE" id="178DECEF-6AF6-8A7F-10F2-B269FCBAA3C3">
<createdBy>Gustavo Padlipskas</createdBy>
<createdTime>2023-05-13 15:16:44 UTC</createdTime>
<comment><![CDATA[Esse atributo irá receber o número do telefone do  DDD do telefone paciente.  Seu conteúdo é obrigatório.]]></comment>
<commentInRDBMS><![CDATA[Esse atributo irá receber o número do telefone do  DDD do telefone paciente.  Seu conteúdo é obrigatório.]]></commentInRDBMS>
<generatorID>AF2C2E10-E44F-75CA-4643-5E1316EB704B</generatorID>
<ownerDesignName>Projeto_RHSTU</ownerDesignName>
<useDomainConstraints>false</useDomainConstraints>
<use>1</use>
<logicalDatatype>LOGDT019</logicalDatatype>
<dataTypePrecision>10</dataTypePrecision>
<ownDataTypeParameters>,10,</ownDataTypeParameters>
<autoIncrementCycle>false</autoIncrementCycle>
</Column>
<Column name="TP_TELEFONE" id="078E26BC-8485-1E6C-E1F0-208ABEBB323B">
<createdBy>Gustavo Padlipskas</createdBy>
<createdTime>2023-05-13 15:16:44 UTC</createdTime>
<comment><![CDATA[Esse atributo irá receber o tipo do  telefone  do telefone paciente.  Seu conteúdo é obrigatório e os valores possiveis são: Comercial, Residencial, Recado e Celular]]></comment>
<commentInRDBMS><![CDATA[Esse atributo irá receber o tipo do  telefone  do telefone paciente.  Seu conteúdo é obrigatório e os valores possiveis são: Comercial, Residencial, Recado e Celular]]></commentInRDBMS>
<generatorID>EC5B421C-2398-8D05-F32A-8C0EBDF07BDE</generatorID>
<ownerDesignName>Projeto_RHSTU</ownerDesignName>
<useDomainConstraints>false</useDomainConstraints>
<use>1</use>
<logicalDatatype>LOGDT024</logicalDatatype>
<dataTypeSize>20</dataTypeSize>
<listOfValues>
<valueDef value="CELULAR" description=""/>
<valueDef value="COMERCIAL" description=""/>
<valueDef value="CONTATO OU RECADO" description=""/>
<valueDef value="RESIDENCIAL" description=""/>
</listOfValues>
<defaultValue>CELULAR</defaultValue>
<ownDataTypeParameters>20,,</ownDataTypeParameters>
<autoIncrementCycle>false</autoIncrementCycle>
</Column>
<Column name="ST_TELEFONE" id="ECD01D3B-B93D-09BC-54C4-283AEA62359D">
<createdBy>Gustavo Padlipskas</createdBy>
<createdTime>2023-05-13 15:16:44 UTC</createdTime>
<comment><![CDATA[Esse atributo irá receber o status do telefone do paciente.  Seu conteúdo é obrigatório e deve possuir os seguintes valores: (A)tivo ou (I)nativo.]]></comment>
<commentInRDBMS><![CDATA[Esse atributo irá receber o status do telefone do paciente.  Seu conteúdo é obrigatório e deve possuir os seguintes valores: (A)tivo ou (I)nativo.]]></commentInRDBMS>
<generatorID>2EE0DBDD-953B-1496-ECD5-15DBC330FBBE</generatorID>
<ownerDesignName>Projeto_RHSTU</ownerDesignName>
<constraintName>UK_RHSTU_STATUS_TELEF_PACIENTE</constraintName>
<useDomainConstraints>false</useDomainConstraints>
<use>1</use>
<logicalDatatype>LOGDT025</logicalDatatype>
<dataTypeSize>1</dataTypeSize>
<listOfValues>
<valueDef value="A" description="Status ativo e operante do telefone do paciente."/>
<valueDef value="I" description="Status inativo e inoperante do telefone do paciente."/>
</listOfValues>
<ownDataTypeParameters>1,,</ownDataTypeParameters>
<autoIncrementCycle>false</autoIncrementCycle>
</Column>
<Column name="DT_CADASTRO" id="E6AC7D30-742B-FB1C-B133-C686F21A1ADF">
<createdBy>Gustavo Padlipskas</createdBy>
<createdTime>2023-05-13 15:16:44 UTC</createdTime>
<comment><![CDATA[ESSE ATRIBUTO RECEBERÁ INFORMAÇÕES SOBRE A DATA DE CADASTRO DA TABELA, SENDO OBRIGATORIO]]></comment>
<commentInRDBMS><![CDATA[esse atributo receberá informações sobre a data de cadastro da tabela, sendo obrigatorio
]]></commentInRDBMS>
<generatorID>5F20A08A-CED2-454B-A02E-92F2EB2C253B</generatorID>
<ownerDesignName>Projeto_RHSTU</ownerDesignName>
<useDomainConstraints>false</useDomainConstraints>
<use>1</use>
<logicalDatatype>LOGDT008</logicalDatatype>
<ownDataTypeParameters>,,</ownDataTypeParameters>
<autoIncrementCycle>false</autoIncrementCycle>
</Column>
<Column name="NM_USUARIO" id="AECAC899-C027-72E1-BDB2-1805820F50FB">
<createdBy>Gustavo Padlipskas</createdBy>
<createdTime>2023-05-13 15:16:44 UTC</createdTime>
<comment><![CDATA[ESSE ATRIBUTO RECEBERÁ INFORMAÇÕES SOBRE O NOME DO USUÁRIO QUE REALIZOU O CADASTRO NA TABELA, SENDO OBRIGATÓRIO, CONTENDO 30 CARACTERES]]></comment>
<commentInRDBMS><![CDATA[esse atributo receberá informações sobre o nome do usuário que realizou o cadastro na tabela, sendo obrigatório, contendo 30 caracteres]]></commentInRDBMS>
<generatorID>B5319824-DECE-E95F-AC06-FC94852EDBCB</generatorID>
<ownerDesignName>Projeto_RHSTU</ownerDesignName>
<useDomainConstraints>false</useDomainConstraints>
<use>1</use>
<logicalDatatype>LOGDT024</logicalDatatype>
<dataTypeSize>30</dataTypeSize>
<ownDataTypeParameters>30,,</ownDataTypeParameters>
<autoIncrementCycle>false</autoIncrementCycle>
</Column>
</columns>
<indexes itemClass="oracle.dbtools.crest.model.design.relational.Index">
<ind_PK_UK id="E0BF193D-7A6B-69C2-8FDF-570746BF8D8A" name="PK_RHSTU_TELEFONE_PACIENTE">
<createdBy>Gustavo Padlipskas</createdBy>
<createdTime>2023-05-13 15:16:44 UTC</createdTime>
<generatorID>5AA0F023-B3CA-8221-2E61-F3D956BF0F34</generatorID>
<ownerDesignName>Projeto_RHSTU</ownerDesignName>
<pk>true</pk>
<indexState>Primary Constraint</indexState>
<isSurrogateKey>false</isSurrogateKey>
<indexColumnUsage>
<colUsage columnID="B690CED0-AD49-9A33-4046-A21BA6BAECF2"/>
<colUsage columnID="0BD6DC11-181E-1897-5E00-EB20ADD5C272"/>
</indexColumnUsage>
</ind_PK_UK>
<ind_PK_UK id="AB223AA7-D539-9456-1DA8-6A31086687A7" name="FK_RHSTU_PACIENTE_TELEFONE">
<createdBy>Gustavo Padlipskas</createdBy>
<createdTime>2023-05-13 15:16:44 UTC</createdTime>
<generatorID>8BCC4E83-DAA8-181A-7DE9-422F9A8742E1</generatorID>
<ownerDesignName>Projeto_RHSTU</ownerDesignName>
<indexState>Foreign Key</indexState>
<isSurrogateKey>false</isSurrogateKey>
<indexColumnUsage>
<colUsage columnID="0BD6DC11-181E-1897-5E00-EB20ADD5C272"/>
</indexColumnUsage>
</ind_PK_UK>
</indexes>
</Table>