<?xml version = '1.0' encoding = 'UTF-8'?>
<Table class="oracle.dbtools.crest.model.design.relational.Table" directorySegmentName="seg_0" id="55E66421-0BB7-9CEC-2EAA-ED94FCB19F79" name="T_RHSTU_BAIRRO">
<createdBy>Gustavo Padlipskas</createdBy>
<createdTime>2023-05-13 15:16:44 UTC</createdTime>
<generatorID>2E17E053-B7F9-61F5-7EE4-7762B7062211</generatorID>
<ownerDesignName>Projeto_RHSTU</ownerDesignName>
<allowColumnReorder>false</allowColumnReorder>
<existDependencyGenerateInDDl>true</existDependencyGenerateInDDl>
<parsed>true</parsed>
<columns itemClass="oracle.dbtools.crest.model.design.relational.Column">
<Column name="ID_BAIRRO" id="72295EE6-3ED6-1C54-4E25-5E16ED8D8461">
<createdBy>Gustavo Padlipskas</createdBy>
<createdTime>2023-05-13 15:16:44 UTC</createdTime>
<comment><![CDATA[Esta coluna irá receber o codigo interno para garantir o cadastro dos  Bairros da Cidade do Estado do Brasil. Seu conteúdo é obrigatório e único será preenchido automaticamente pelo sistema.]]></comment>
<commentInRDBMS><![CDATA[Esta coluna irá receber o codigo interno para garantir o cadastro dos  Bairros da Cidade do Estado do Brasil. Seu conteúdo é obrigatório e único será preenchido automaticamente pelo sistema.]]></commentInRDBMS>
<generatorID>1ECB01D1-8E17-7B14-467D-D88496EA9B1D</generatorID>
<ownerDesignName>Projeto_RHSTU</ownerDesignName>
<useDomainConstraints>false</useDomainConstraints>
<use>1</use>
<logicalDatatype>LOGDT019</logicalDatatype>
<dataTypePrecision>8</dataTypePrecision>
<ownDataTypeParameters>,8,</ownDataTypeParameters>
<autoIncrementCycle>false</autoIncrementCycle>
</Column>
<Column name="ID_CIDADE" id="904E6BB3-92D7-7857-3A52-447A6EBB6749">
<createdBy>Gustavo Padlipskas</createdBy>
<createdTime>2023-05-13 15:16:44 UTC</createdTime>
<comment><![CDATA[Esta coluna irá receber o codigo da cidade e seu conteúdo é obrigatório e será preenchido automaticamente pelo sistema.]]></comment>
<commentInRDBMS><![CDATA[Esta coluna irá receber o codigo da cidade e seu conteúdo é obrigatório e será preenchido automaticamente pelo sistema.]]></commentInRDBMS>
<generatorID>5399781E-C2A3-BCDF-451E-1EFD251121BE</generatorID>
<ownerDesignName>Projeto_RHSTU</ownerDesignName>
<useDomainConstraints>false</useDomainConstraints>
<use>1</use>
<logicalDatatype>LOGDT019</logicalDatatype>
<dataTypePrecision>8</dataTypePrecision>
<ownDataTypeParameters>,8,</ownDataTypeParameters>
<previousColumn>false</previousColumn>
<autoIncrementCycle>false</autoIncrementCycle>
<associations>
<colAssociation fkAssociation="7353F9B8-7794-11AE-F9D0-BCC852B34BC1" referredColumn="910449A9-B796-5C7F-6F38-2E5E5B9F24EB"/>
</associations>
</Column>
<Column name="NM_BAIRRO" id="5D5B2119-7602-F395-2F6F-F5E1397DC3F2">
<createdBy>Gustavo Padlipskas</createdBy>
<createdTime>2023-05-13 15:16:44 UTC</createdTime>
<comment><![CDATA[Esta coluna irá receber o nome do Bairro  pertencente Cidade do Estado Brasileiro. O padrão de armazenmento é  InitCap e seu conteúdo é obrigatório. Essa tabela já será preenchida pela área responsável. Novas inseções necessitam ser avaladas pelos gestores.]]></comment>
<commentInRDBMS><![CDATA[Esta coluna irá receber o nome do Bairro  pertencente Cidade do Estado Brasileiro. O padrão de armazenmento é  InitCap e seu conteúdo é obrigatório. Essa tabela já será preenchida pela área responsável. Novas inseções necessitam ser avaladas pelos gestores.]]></commentInRDBMS>
<generatorID>4F97E991-74E6-E464-55EA-37A7930FFA85</generatorID>
<ownerDesignName>Projeto_RHSTU</ownerDesignName>
<useDomainConstraints>false</useDomainConstraints>
<use>1</use>
<logicalDatatype>LOGDT024</logicalDatatype>
<dataTypeSize>45</dataTypeSize>
<ownDataTypeParameters>45,,</ownDataTypeParameters>
<autoIncrementCycle>false</autoIncrementCycle>
</Column>
<Column name="NM_ZONA_BAIRRO" id="A62F0B83-730B-7A18-0B76-B75F51774E08">
<createdBy>Gustavo Padlipskas</createdBy>
<createdTime>2023-05-13 15:16:44 UTC</createdTime>
<comment><![CDATA[Esta coluna irá receber a localização da zona onde se encontra o bairro. Alguns exemplos: Zona Norte, Zona Sul, Zona Leste, Zona Oeste, Centro.]]></comment>
<commentInRDBMS><![CDATA[Esta coluna irá receber a localização da zona onde se encontra o bairro. Alguns exemplos: Zona Norte, Zona Sul, Zona Leste, Zona Oeste, Centro.]]></commentInRDBMS>
<generatorID>AED56D9E-F500-3879-5B17-6C1B6C9AB61A</generatorID>
<ownerDesignName>Projeto_RHSTU</ownerDesignName>
<constraintName>UK_T_PKD_BAIRRO_ZONA</constraintName>
<useDomainConstraints>false</useDomainConstraints>
<use>1</use>
<logicalDatatype>LOGDT024</logicalDatatype>
<dataTypeSize>20</dataTypeSize>
<listOfValues>
<valueDef value="CENTRO" description="Centro da Cidade"/>
<valueDef value="ZONA LESTE" description="Zona Leste da Cidade"/>
<valueDef value="ZONA NORTE" description="Zona Norte da Cidade"/>
<valueDef value="ZONA OESTE" description="Zona Oeste da Cidade"/>
<valueDef value="ZONA SUL" description="Zona Sul da Cidade"/>
</listOfValues>
<ownDataTypeParameters>20,,</ownDataTypeParameters>
<autoIncrementCycle>false</autoIncrementCycle>
</Column>
<Column name="DT_CADASTRO" id="E0C8BF67-6A24-E9C7-8968-45339B2E75F9">
<createdBy>Gustavo Padlipskas</createdBy>
<createdTime>2023-05-13 15:16:44 UTC</createdTime>
<comment><![CDATA[ESSE ATRIBUTO RECEBERÁ INFORMAÇÕES SOBRE A DATA DE CADASTRO DA TABELA, SENDO OBRIGATORIO]]></comment>
<commentInRDBMS><![CDATA[esse atributo receberá informações sobre a data de cadastro da tabela, sendo obrigatorio
]]></commentInRDBMS>
<generatorID>3AA1061B-49F9-E23D-7E58-8A1A5DD11379</generatorID>
<ownerDesignName>Projeto_RHSTU</ownerDesignName>
<useDomainConstraints>false</useDomainConstraints>
<use>1</use>
<logicalDatatype>LOGDT008</logicalDatatype>
<ownDataTypeParameters>,,</ownDataTypeParameters>
<autoIncrementCycle>false</autoIncrementCycle>
</Column>
<Column name="NM_USUARIO" id="4A832D92-FF6E-26EF-DC8F-4E9A0DC951EE">
<createdBy>Gustavo Padlipskas</createdBy>
<createdTime>2023-05-13 15:16:44 UTC</createdTime>
<comment><![CDATA[ESSE ATRIBUTO RECEBERÁ INFORMAÇÕES SOBRE O NOME DO USUÁRIO QUE REALIZOU O CADASTRO NA TABELA, SENDO OBRIGATÓRIO, CONTENDO 30 CARACTERES]]></comment>
<commentInRDBMS><![CDATA[esse atributo receberá informações sobre o nome do usuário que realizou o cadastro na tabela, sendo obrigatório, contendo 30 caracteres]]></commentInRDBMS>
<generatorID>6004C6D4-8D8D-3646-1E84-CF873502C8F8</generatorID>
<ownerDesignName>Projeto_RHSTU</ownerDesignName>
<useDomainConstraints>false</useDomainConstraints>
<use>1</use>
<logicalDatatype>LOGDT024</logicalDatatype>
<dataTypeSize>30</dataTypeSize>
<ownDataTypeParameters>30,,</ownDataTypeParameters>
<autoIncrementCycle>false</autoIncrementCycle>
</Column>
</columns>
<indexes itemClass="oracle.dbtools.crest.model.design.relational.Index">
<ind_PK_UK id="7ABA8E3E-44B5-3295-039D-BE33ABA2CCE5" name="PK_RHSTU_BAIRRO">
<createdBy>Gustavo Padlipskas</createdBy>
<createdTime>2023-05-13 15:16:44 UTC</createdTime>
<generatorID>F6B8BB54-4882-D0D7-490B-E9F45AA700EE</generatorID>
<ownerDesignName>Projeto_RHSTU</ownerDesignName>
<pk>true</pk>
<indexState>Primary Constraint</indexState>
<isSurrogateKey>false</isSurrogateKey>
<indexColumnUsage>
<colUsage columnID="72295EE6-3ED6-1C54-4E25-5E16ED8D8461"/>
</indexColumnUsage>
</ind_PK_UK>
<ind_PK_UK id="299D5FA3-7131-3421-64AE-133951A3A43E" name="FK_RHSTU_CIDADE_BAIRRO">
<createdBy>Gustavo Padlipskas</createdBy>
<createdTime>2023-05-13 15:16:44 UTC</createdTime>
<generatorID>C31FED11-1D9C-9238-DF35-C2367D31CAF5</generatorID>
<ownerDesignName>Projeto_RHSTU</ownerDesignName>
<indexState>Foreign Key</indexState>
<isSurrogateKey>false</isSurrogateKey>
<indexColumnUsage>
<colUsage columnID="904E6BB3-92D7-7857-3A52-447A6EBB6749"/>
</indexColumnUsage>
</ind_PK_UK>
</indexes>
</Table>