<?xml version = '1.0' encoding = 'UTF-8'?>
<Table class="oracle.dbtools.crest.model.design.relational.Table" directorySegmentName="seg_0" id="952322E7-4403-6583-AEB8-7BD67837CEAD" name="T_RHSTU_PACIENTE_PLANO_SAUDE">
<createdBy>Gustavo Padlipskas</createdBy>
<createdTime>2023-05-13 15:16:44 UTC</createdTime>
<generatorID>CAE63D5C-FA46-DA05-291D-441B59B3C713</generatorID>
<ownerDesignName>Projeto_RHSTU</ownerDesignName>
<allowColumnReorder>false</allowColumnReorder>
<existDependencyGenerateInDDl>true</existDependencyGenerateInDDl>
<parsed>true</parsed>
<columns itemClass="oracle.dbtools.crest.model.design.relational.Column">
<Column name="ID_PACIENTE_PS" id="4158E007-677E-5E4B-2B7B-D8D265B5CB68">
<createdBy>Gustavo Padlipskas</createdBy>
<createdTime>2023-05-13 15:16:44 UTC</createdTime>
<comment><![CDATA[Esse atributo irá receber a chave primária do plano de saúde do paciente. Esse número é sequencial e gerado automaticamente pelo sistema. Seu conteúdo é obrigatório.]]></comment>
<commentInRDBMS><![CDATA[Esse atributo irá receber a chave primária do plano de saúde do paciente. Esse número é sequencial e gerado automaticamente pelo sistema. Seu conteúdo é obrigatório.]]></commentInRDBMS>
<generatorID>9A9413F8-DD8F-153E-A6D7-6AC7C8FD6385</generatorID>
<ownerDesignName>Projeto_RHSTU</ownerDesignName>
<useDomainConstraints>false</useDomainConstraints>
<use>1</use>
<logicalDatatype>LOGDT019</logicalDatatype>
<dataTypePrecision>10</dataTypePrecision>
<ownDataTypeParameters>,10,</ownDataTypeParameters>
<autoIncrementCycle>false</autoIncrementCycle>
</Column>
<Column name="ID_PACIENTE" id="A09EAB72-08DD-6C26-9F62-764B9D389346">
<createdBy>Gustavo Padlipskas</createdBy>
<createdTime>2023-05-13 15:16:44 UTC</createdTime>
<comment><![CDATA[Esse atributo irá receber a chave primária do paciente. Esse número é sequencial e gerado automaticamente pelo sistema. Seu conteúdo é obrigatório.]]></comment>
<commentInRDBMS><![CDATA[Esse atributo irá receber a chave primária do paciente. Esse número é sequencial e gerado automaticamente pelo sistema. Seu conteúdo é obrigatório.]]></commentInRDBMS>
<generatorID>18B11CFF-5EFC-EDDF-9930-33000698A15B</generatorID>
<ownerDesignName>Projeto_RHSTU</ownerDesignName>
<useDomainConstraints>false</useDomainConstraints>
<use>1</use>
<logicalDatatype>LOGDT019</logicalDatatype>
<dataTypePrecision>9</dataTypePrecision>
<ownDataTypeParameters>,9,</ownDataTypeParameters>
<previousColumn>false</previousColumn>
<autoIncrementCycle>false</autoIncrementCycle>
<associations>
<colAssociation fkAssociation="1D86ACFA-FCED-811A-24C1-AFF25F20F7AC" referredColumn="74808296-38F3-4AE7-D3AA-C91D1F1648BC"/>
</associations>
</Column>
<Column name="ID_PLANO_SAUDE" id="EE3FB458-9FBA-FF3A-058F-7DF321180BF5">
<createdBy>Gustavo Padlipskas</createdBy>
<createdTime>2023-05-13 15:16:44 UTC</createdTime>
<comment><![CDATA[Esse atributo irá receber a chave primária do plano de saúde. Esse número é sequencial e gerado automaticamente pelo sistema. Seu conteúdo é obrigatório.]]></comment>
<commentInRDBMS><![CDATA[Esse atributo irá receber a chave primária do plano de saúde. Esse número é sequencial e gerado automaticamente pelo sistema. Seu conteúdo é obrigatório.]]></commentInRDBMS>
<generatorID>25547378-D14F-63D1-8360-DEEEF10939F9</generatorID>
<ownerDesignName>Projeto_RHSTU</ownerDesignName>
<useDomainConstraints>false</useDomainConstraints>
<use>1</use>
<logicalDatatype>LOGDT019</logicalDatatype>
<dataTypePrecision>5</dataTypePrecision>
<ownDataTypeParameters>,5,</ownDataTypeParameters>
<previousColumn>false</previousColumn>
<autoIncrementCycle>false</autoIncrementCycle>
<associations>
<colAssociation fkAssociation="4230A982-86BE-44A0-E788-6C091D0529B9" referredColumn="FBF15CA3-9435-1DE1-8431-82936071A247"/>
</associations>
</Column>
<Column name="NR_CARTEIRA_PS" id="33258B80-53B6-E3A4-95C5-C596A83C2A87">
<createdBy>Gustavo Padlipskas</createdBy>
<createdTime>2023-05-13 15:16:44 UTC</createdTime>
<comment><![CDATA[ESSE ATRIBUTO RECEBERÁ O NUMERO DA CARTEIRA DE CADA PACIENTE DO PLANO DE SAÚDE]]></comment>
<commentInRDBMS><![CDATA[ESSE ATRIBUTO RECEBERÁ O NUMERO DA CARTEIRA DE CADA PACIENTE DO PLANO DE SAÚDE]]></commentInRDBMS>
<generatorID>15003F3B-8EFD-EF30-70E6-AC084A149F61</generatorID>
<ownerDesignName>Projeto_RHSTU</ownerDesignName>
<nullsAllowed>true</nullsAllowed>
<useDomainConstraints>false</useDomainConstraints>
<use>1</use>
<logicalDatatype>LOGDT019</logicalDatatype>
<dataTypePrecision>15</dataTypePrecision>
<ownDataTypeParameters>,15,</ownDataTypeParameters>
<autoIncrementCycle>false</autoIncrementCycle>
</Column>
<Column name="DT_INICIO" id="6B9063D1-A664-FCD0-59C5-70C272A2BEDE">
<createdBy>Gustavo Padlipskas</createdBy>
<createdTime>2023-05-13 15:16:44 UTC</createdTime>
<comment><![CDATA[Esse atributo irá receber a data de início para atendimento do plano de saúde do cliente aceito na RHSTU. Seu conteúdo é opcional.]]></comment>
<commentInRDBMS><![CDATA[Esse atributo irá receber a data de início para atendimento do plano de saúde do cliente aceito na RHSTU. Seu conteúdo é opcional.]]></commentInRDBMS>
<generatorID>D804C1B6-E42C-AA60-291E-C9A4A25130BB</generatorID>
<ownerDesignName>Projeto_RHSTU</ownerDesignName>
<useDomainConstraints>false</useDomainConstraints>
<use>1</use>
<logicalDatatype>LOGDT007</logicalDatatype>
<ownDataTypeParameters>,,</ownDataTypeParameters>
<autoIncrementCycle>false</autoIncrementCycle>
</Column>
<Column name="DT_FIM" id="1CF0BA8B-0549-0EDF-3C1F-ED7629AC3681">
<createdBy>Gustavo Padlipskas</createdBy>
<createdTime>2023-05-13 15:16:44 UTC</createdTime>
<comment><![CDATA[Esse atributo irá receber a data de encerramento do plano de saúde aceito na RHSTU. Seu conteúdo é opcional.]]></comment>
<commentInRDBMS><![CDATA[Esse atributo irá receber a data de encerramento do plano de saúde aceito na RHSTU. Seu conteúdo é opcional.]]></commentInRDBMS>
<generatorID>74360E6E-5608-8AA0-4502-84F033D19590</generatorID>
<ownerDesignName>Projeto_RHSTU</ownerDesignName>
<nullsAllowed>true</nullsAllowed>
<useDomainConstraints>false</useDomainConstraints>
<use>1</use>
<logicalDatatype>LOGDT007</logicalDatatype>
<ownDataTypeParameters>,,</ownDataTypeParameters>
<autoIncrementCycle>false</autoIncrementCycle>
</Column>
<Column name="DT_CADASTRO" id="D358FAE7-22D7-8BF1-82C0-7468937B74AC">
<createdBy>Gustavo Padlipskas</createdBy>
<createdTime>2023-05-13 15:16:44 UTC</createdTime>
<comment><![CDATA[ESSE ATRIBUTO RECEBERÁ INFORMAÇÕES SOBRE A DATA DE CADASTRO DA TABELA, SENDO OBRIGATORIO]]></comment>
<commentInRDBMS><![CDATA[esse atributo receberá informações sobre a data de cadastro da tabela, sendo obrigatorio
]]></commentInRDBMS>
<generatorID>73E45F99-5E84-C0B7-E06E-F34C73E574E3</generatorID>
<ownerDesignName>Projeto_RHSTU</ownerDesignName>
<useDomainConstraints>false</useDomainConstraints>
<use>1</use>
<logicalDatatype>LOGDT008</logicalDatatype>
<ownDataTypeParameters>,,</ownDataTypeParameters>
<autoIncrementCycle>false</autoIncrementCycle>
</Column>
<Column name="NM_USUARIO" id="AF6E3EF2-12DE-E5B8-DB3F-C04261B803C6">
<createdBy>Gustavo Padlipskas</createdBy>
<createdTime>2023-05-13 15:16:44 UTC</createdTime>
<comment><![CDATA[ESSE ATRIBUTO RECEBERÁ INFORMAÇÕES SOBRE O NOME DO USUÁRIO QUE REALIZOU O CADASTRO NA TABELA, SENDO OBRIGATÓRIO, CONTENDO 30 CARACTERES]]></comment>
<commentInRDBMS><![CDATA[esse atributo receberá informações sobre o nome do usuário que realizou o cadastro na tabela, sendo obrigatório, contendo 30 caracteres]]></commentInRDBMS>
<generatorID>B55D3FF5-6EBB-ED24-38A6-7254D386874F</generatorID>
<ownerDesignName>Projeto_RHSTU</ownerDesignName>
<useDomainConstraints>false</useDomainConstraints>
<use>1</use>
<logicalDatatype>LOGDT024</logicalDatatype>
<dataTypeSize>30</dataTypeSize>
<ownDataTypeParameters>30,,</ownDataTypeParameters>
<autoIncrementCycle>false</autoIncrementCycle>
</Column>
</columns>
<indexes itemClass="oracle.dbtools.crest.model.design.relational.Index">
<ind_PK_UK id="D7F28652-4B58-7BFF-E212-83F356B9447F" name="PK_RHSTU_PAC_PLANO_SAUDE">
<createdBy>Gustavo Padlipskas</createdBy>
<createdTime>2023-05-13 15:16:44 UTC</createdTime>
<generatorID>4B649FE4-7304-9374-E5C9-3807E63ED774</generatorID>
<ownerDesignName>Projeto_RHSTU</ownerDesignName>
<pk>true</pk>
<indexState>Primary Constraint</indexState>
<isSurrogateKey>false</isSurrogateKey>
<indexColumnUsage>
<colUsage columnID="4158E007-677E-5E4B-2B7B-D8D265B5CB68"/>
</indexColumnUsage>
</ind_PK_UK>
<ind_PK_UK id="7662831C-21CA-23FC-DB09-9E055D008F51" name="FK_RHSTU_PACIENTE_PLANO">
<createdBy>Gustavo Padlipskas</createdBy>
<createdTime>2023-05-13 15:16:44 UTC</createdTime>
<generatorID>64277932-723C-53E9-4B5B-01730F978667</generatorID>
<ownerDesignName>Projeto_RHSTU</ownerDesignName>
<indexState>Foreign Key</indexState>
<isSurrogateKey>false</isSurrogateKey>
<indexColumnUsage>
<colUsage columnID="A09EAB72-08DD-6C26-9F62-764B9D389346"/>
</indexColumnUsage>
</ind_PK_UK>
<ind_PK_UK id="107214C4-ACE7-490D-8E9F-8FA5D3B91E99" name="FK_RHSTU_PLANO_SAUDE_PAC">
<createdBy>Gustavo Padlipskas</createdBy>
<createdTime>2023-05-13 15:16:44 UTC</createdTime>
<generatorID>44E5549C-C7C7-BF95-744C-5BB1486C3FD3</generatorID>
<ownerDesignName>Projeto_RHSTU</ownerDesignName>
<indexState>Foreign Key</indexState>
<isSurrogateKey>false</isSurrogateKey>
<indexColumnUsage>
<colUsage columnID="EE3FB458-9FBA-FF3A-058F-7DF321180BF5"/>
</indexColumnUsage>
</ind_PK_UK>
</indexes>
</Table>