<?xml version = '1.0' encoding = 'UTF-8'?>
<FKIndexAssociation class="oracle.dbtools.crest.model.design.relational.FKIndexAssociation" directorySegmentName="seg_0" id="1D86ACFA-FCED-811A-24C1-AFF25F20F7AC" containerWithKeyObject="952322E7-4403-6583-AEB8-7BD67837CEAD" localFKIndex="7662831C-21CA-23FC-DB09-9E055D008F51" name="FK_RHSTU_PACIENTE_PLANO">
<createdBy>Gustavo Padlipskas</createdBy>
<createdTime>2023-05-13 15:16:44 UTC</createdTime>
<generatorID>64277932-723C-53E9-4B5B-01730F978667</generatorID>
<ownerDesignName>Projeto_RHSTU</ownerDesignName>
<referredTableLongName>T_RHSTU_PACIENTE</referredTableLongName>
<deleteRule>NO ACTION</deleteRule>
<referredTableID>A5193288-EF01-8730-B396-F059A92A9E46</referredTableID>
<keyObject>59CDB6C3-17A0-6613-43F1-8BE44D05710D</keyObject>
<referredKeyID>59CDB6C3-17A0-6613-43F1-8BE44D05710D</referredKeyID>
<mandatory>true</mandatory>
<refColNames>ID_PACIENTE</refColNames>
<transferable>true</transferable>
<rely>false</rely>
<columnDependencyConstraintGenerateInDDL>true</columnDependencyConstraintGenerateInDDL>
</FKIndexAssociation>