<?xml version = '1.0' encoding = 'UTF-8'?>
<FKIndexAssociation class="oracle.dbtools.crest.model.design.relational.FKIndexAssociation" directorySegmentName="seg_0" id="23FFD2FD-2F11-F0A8-B85B-82AA16B6C658" containerWithKeyObject="4741086C-C0D7-BD4B-6123-3E6D63D66A83" localFKIndex="E564435E-0F39-F2AA-8705-F9EB2D348BFF" name="FK_RHSTU_TIPO_CONTATO">
<createdBy>Gustavo Padlipskas</createdBy>
<createdTime>2023-05-13 15:16:44 UTC</createdTime>
<generatorID>20403068-9FFF-7A08-63D5-13C205008336</generatorID>
<ownerDesignName>Projeto_RHSTU</ownerDesignName>
<referredTableLongName>T_RHSTU_TIPO_CONTATO</referredTableLongName>
<deleteRule>NO ACTION</deleteRule>
<referredTableID>BF3D2154-8BFC-119F-2322-F67FC8F8D890</referredTableID>
<keyObject>9A5DB07F-0C75-CFEC-C490-D9AFC9AE5DDC</keyObject>
<referredKeyID>9A5DB07F-0C75-CFEC-C490-D9AFC9AE5DDC</referredKeyID>
<mandatory>true</mandatory>
<refColNames>ID_TIPO_CONTATO</refColNames>
<transferable>true</transferable>
<rely>false</rely>
<columnDependencyConstraintGenerateInDDL>true</columnDependencyConstraintGenerateInDDL>
</FKIndexAssociation>