<?xml version = '1.0' encoding = 'UTF-8'?>
<FKIndexAssociation class="oracle.dbtools.crest.model.design.relational.FKIndexAssociation" directorySegmentName="seg_0" id="3917EDAF-CD43-451A-2B9C-A5F8E3145F18" containerWithKeyObject="1FA23836-5138-25D6-5FCA-E0F02E0CE7A9" localFKIndex="6FEE97E9-AA96-F94C-D461-C55760A491A1" name="FK_RHSTU_LOGR_UNID_HOSP">
<createdBy>Gustavo Padlipskas</createdBy>
<createdTime>2023-05-13 15:16:44 UTC</createdTime>
<generatorID>C9AA404F-3F73-B562-BF2E-D5A73690E21C</generatorID>
<ownerDesignName>Projeto_RHSTU</ownerDesignName>
<referredTableLongName>T_RHSTU_LOGRADOURO</referredTableLongName>
<deleteRule>NO ACTION</deleteRule>
<referredTableID>56C41142-C9CD-66A2-CCBE-A4D1C56B8DD8</referredTableID>
<keyObject>906B3833-DF29-908A-9C6B-FF663FC77A3E</keyObject>
<referredKeyID>906B3833-DF29-908A-9C6B-FF663FC77A3E</referredKeyID>
<mandatory>true</mandatory>
<refColNames>ID_LOGRADOURO</refColNames>
<transferable>true</transferable>
<rely>false</rely>
<columnDependencyConstraintGenerateInDDL>true</columnDependencyConstraintGenerateInDDL>
</FKIndexAssociation>