<?xml version = '1.0' encoding = 'UTF-8'?>
<FKIndexAssociation class="oracle.dbtools.crest.model.design.relational.FKIndexAssociation" directorySegmentName="seg_0" id="3CC07319-2353-C70E-6982-08B587FC2320" containerWithKeyObject="8018450E-6830-0415-AA48-722F65E2545B" localFKIndex="CD4B1198-2C20-2477-0555-78380AF33356" name="FK_RHSTU_FORMA_PAGTO_CONSULT">
<createdBy>Gustavo Padlipskas</createdBy>
<createdTime>2023-05-13 15:16:44 UTC</createdTime>
<generatorID>33B1FD0C-37C4-29F6-FEE9-93488DD3F096</generatorID>
<ownerDesignName>Projeto_RHSTU</ownerDesignName>
<referredTableLongName>T_RHSTU_FORMA_PAGAMENTO</referredTableLongName>
<deleteRule>NO ACTION</deleteRule>
<referredTableID>776C288D-5218-E012-5CAF-B4ECF2E3FF42</referredTableID>
<keyObject>364956F1-0E7D-5A93-34EB-C1C8229E839E</keyObject>
<referredKeyID>364956F1-0E7D-5A93-34EB-C1C8229E839E</referredKeyID>
<mandatory>true</mandatory>
<refColNames>ID_FORMA_PAGTO</refColNames>
<transferable>true</transferable>
<rely>false</rely>
<columnDependencyConstraintGenerateInDDL>true</columnDependencyConstraintGenerateInDDL>
</FKIndexAssociation>