<?xml version = '1.0' encoding = 'UTF-8'?>
<FKIndexAssociation class="oracle.dbtools.crest.model.design.relational.FKIndexAssociation" directorySegmentName="seg_0" id="7353F9B8-7794-11AE-F9D0-BCC852B34BC1" containerWithKeyObject="55E66421-0BB7-9CEC-2EAA-ED94FCB19F79" localFKIndex="299D5FA3-7131-3421-64AE-133951A3A43E" name="FK_RHSTU_CIDADE_BAIRRO">
<createdBy>Gustavo Padlipskas</createdBy>
<createdTime>2023-05-13 15:16:44 UTC</createdTime>
<generatorID>C31FED11-1D9C-9238-DF35-C2367D31CAF5</generatorID>
<ownerDesignName>Projeto_RHSTU</ownerDesignName>
<referredTableLongName>T_RHSTU_CIDADE</referredTableLongName>
<deleteRule>NO ACTION</deleteRule>
<referredTableID>61A0199A-84FB-E546-DAAD-E12458CE6334</referredTableID>
<keyObject>FB494C16-011F-8318-3775-DC1479C9F7F2</keyObject>
<referredKeyID>FB494C16-011F-8318-3775-DC1479C9F7F2</referredKeyID>
<mandatory>true</mandatory>
<refColNames>ID_CIDADE</refColNames>
<transferable>true</transferable>
<rely>false</rely>
<columnDependencyConstraintGenerateInDDL>true</columnDependencyConstraintGenerateInDDL>
</FKIndexAssociation>