<?xml version = '1.0' encoding = 'UTF-8'?>
<FKIndexAssociation class="oracle.dbtools.crest.model.design.relational.FKIndexAssociation" directorySegmentName="seg_0" id="C1CF53FC-25A7-461E-D500-25B785B9ADB8" containerWithKeyObject="06919F64-2D8C-A7D4-FA4A-4B90D3183F61" localFKIndex="58F51BA3-7CF9-57B6-A1D2-B887C89E072B" name="FK_RHSTU_LOGR_END">
<createdBy>Gustavo Padlipskas</createdBy>
<createdTime>2023-05-13 15:16:44 UTC</createdTime>
<generatorID>6177A758-C962-F731-DD11-84E24402812C</generatorID>
<ownerDesignName>Projeto_RHSTU</ownerDesignName>
<referredTableLongName>T_RHSTU_LOGRADOURO</referredTableLongName>
<deleteRule>NO ACTION</deleteRule>
<referredTableID>56C41142-C9CD-66A2-CCBE-A4D1C56B8DD8</referredTableID>
<keyObject>906B3833-DF29-908A-9C6B-FF663FC77A3E</keyObject>
<referredKeyID>906B3833-DF29-908A-9C6B-FF663FC77A3E</referredKeyID>
<mandatory>true</mandatory>
<refColNames>ID_LOGRADOURO</refColNames>
<transferable>true</transferable>
<rely>false</rely>
<columnDependencyConstraintGenerateInDDL>true</columnDependencyConstraintGenerateInDDL>
</FKIndexAssociation>