<?xml version = '1.0' encoding = 'UTF-8'?>
<FKIndexAssociation class="oracle.dbtools.crest.model.design.relational.FKIndexAssociation" directorySegmentName="seg_0" id="FCCFB413-E25E-859F-02BF-726AA8E6BFD3" containerWithKeyObject="8018450E-6830-0415-AA48-722F65E2545B" localFKIndex="DB3E09DB-F993-A34C-A217-AFDEC1ECC2A8" name="FK_RHSTU_PAC_PLANO_PAGTO">
<createdBy>Gustavo Padlipskas</createdBy>
<createdTime>2023-05-13 15:16:44 UTC</createdTime>
<generatorID>3D0808C1-511C-F645-3C01-0FFE93B42EB6</generatorID>
<ownerDesignName>Projeto_RHSTU</ownerDesignName>
<referredTableLongName>T_RHSTU_PACIENTE_PLANO_SAUDE</referredTableLongName>
<deleteRule>NO ACTION</deleteRule>
<referredTableID>952322E7-4403-6583-AEB8-7BD67837CEAD</referredTableID>
<keyObject>D7F28652-4B58-7BFF-E212-83F356B9447F</keyObject>
<referredKeyID>D7F28652-4B58-7BFF-E212-83F356B9447F</referredKeyID>
<mandatory>true</mandatory>
<refColNames>ID_PACIENTE_PS</refColNames>
<transferable>true</transferable>
<rely>false</rely>
<columnDependencyConstraintGenerateInDDL>true</columnDependencyConstraintGenerateInDDL>
</FKIndexAssociation>