<?xml version = '1.0' encoding = 'UTF-8'?>
<Relation class="oracle.dbtools.crest.model.design.logical.Relation" name="FK_RHSTU_LOGR_END" directorySegmentName="seg_0" id="6177A758-C962-F731-DD11-84E24402812C">
<createdBy>logonpflocal</createdBy>
<createdTime>2022-08-02 12:34:01 UTC</createdTime>
<ownerDesignName>Projeto_RHSTU</ownerDesignName>
<engineerTo>
<item key="E7F19300-F139-548B-9286-C64BD95CAE2D" value="true"/>
</engineerTo>
<sourcePk>CAC38B00-31A4-2DC1-1A57-0768C14386F7</sourcePk>
<identifying>false</identifying>
<optionalSource>true</optionalSource>
<optionalTarget>false</optionalTarget>
<sourceCardinality>1</sourceCardinality>
<sourceEntity>EF36AE33-0C04-3207-A42D-300BDBCD0474</sourceEntity>
<targetCardinalityString>*</targetCardinalityString>
<targetEntity>62D01CD6-2F78-C150-EDE6-828E39ACBC85</targetEntity>
<transferable>true</transferable>
<deleteRule>NO ACTION</deleteRule>
</Relation>