<?xml version = '1.0' encoding = 'UTF-8'?>
<Relation class="oracle.dbtools.crest.model.design.logical.Relation" name="FK_RHSTU_PACIENTE_TELEFONE" directorySegmentName="seg_0" id="8BCC4E83-DAA8-181A-7DE9-422F9A8742E1">
<createdBy>Gustavo Padlipskas</createdBy>
<createdTime>2021-03-11 15:05:51 UTC</createdTime>
<ownerDesignName>Projeto_RHSTU</ownerDesignName>
<engineerTo>
<item key="E7F19300-F139-548B-9286-C64BD95CAE2D" value="true"/>
</engineerTo>
<sourcePk>6E644410-7AD5-C7FC-2576-8D927C238CC0</sourcePk>
<identifying>true</identifying>
<optionalSource>true</optionalSource>
<optionalTarget>false</optionalTarget>
<sourceCardinality>1</sourceCardinality>
<sourceEntity>506DDC9A-FC9E-D13D-7FAD-ED571E3AEA46</sourceEntity>
<targetCardinalityString>*</targetCardinalityString>
<targetEntity>C5153E1A-0C36-99E4-0FDF-BD7427056DA5</targetEntity>
<transferable>true</transferable>
<deleteRule>NO ACTION</deleteRule>
</Relation>