<?xml version = '1.0' encoding = 'UTF-8'?>
<Relation class="oracle.dbtools.crest.model.design.logical.Relation" name="FK_RHSTU_PACIENTE_ENDERECO" directorySegmentName="seg_0" id="B99331BB-0605-C347-7BB9-BF08521D724D">
<createdBy>Gustavo Padlipskas</createdBy>
<createdTime>2021-03-17 17:56:08 UTC</createdTime>
<ownerDesignName>Projeto_RHSTU</ownerDesignName>
<engineerTo>
<item key="E7F19300-F139-548B-9286-C64BD95CAE2D" value="true"/>
</engineerTo>
<sourcePk>6E644410-7AD5-C7FC-2576-8D927C238CC0</sourcePk>
<identifying>false</identifying>
<optionalSource>true</optionalSource>
<optionalTarget>false</optionalTarget>
<sourceCardinality>1</sourceCardinality>
<sourceEntity>506DDC9A-FC9E-D13D-7FAD-ED571E3AEA46</sourceEntity>
<targetCardinalityString>*</targetCardinalityString>
<targetEntity>62D01CD6-2F78-C150-EDE6-828E39ACBC85</targetEntity>
<transferable>true</transferable>
<deleteRule>NO ACTION</deleteRule>
</Relation>