<?xml version = '1.0' encoding = 'UTF-8'?>
<Relation class="oracle.dbtools.crest.model.design.logical.Relation" name="FK_RHSTU_BAIRRO_LOGRADOURO" directorySegmentName="seg_0" id="DBB65F97-DD23-AFDD-4633-4CB296E35174">
<createdBy>logonpflocal</createdBy>
<createdTime>2022-08-02 12:20:54 UTC</createdTime>
<ownerDesignName>Projeto_RHSTU</ownerDesignName>
<engineerTo>
<item key="E7F19300-F139-548B-9286-C64BD95CAE2D" value="true"/>
</engineerTo>
<sourcePk>F6B8BB54-4882-D0D7-490B-E9F45AA700EE</sourcePk>
<identifying>false</identifying>
<optionalSource>true</optionalSource>
<optionalTarget>false</optionalTarget>
<sourceCardinality>1</sourceCardinality>
<sourceEntity>2E17E053-B7F9-61F5-7EE4-7762B7062211</sourceEntity>
<targetCardinalityString>*</targetCardinalityString>
<targetEntity>EF36AE33-0C04-3207-A42D-300BDBCD0474</targetEntity>
<transferable>true</transferable>
<deleteRule>NO ACTION</deleteRule>
</Relation>